1,Pasteur Street Brewing Company,NULL,8:00 AM - 10:00 PM,Brewery,"Breakfast, Lunch, Dinner",5.0,1,"Hà Nội, Thành Phố Hà Nội",Unknown,11,https://ss3.4sqi.net/img/categories_v2/food/brewery_bg_64.png,NULL
2,Duong's 2 Restaurant & Cooking Class,NULL,8:00 AM - 10:00 PM,Vietnamese Restaurant,"Breakfast, Lunch, Dinner",5.0,1,"101 Ma May Street., Hoàn Kiếm, Thành Phố Hà Nội",Unknown,12,https://ss3.4sqi.net/img/categories_v2/food/vietnamese_bg_64.png,NULL
3,Bánh Cuốn Bà Hoành - Tô Hiến Thành,NULL,8:00 AM - 10:00 PM,Diner,"Breakfast, Lunch, Dinner",5.0,1,"66 Tô Hiến Thành (Bùi Thị Xuân), Hai Bà Trưng, Thành Phố Hà Nội",Unknown,13,https://ss3.4sqi.net/img/categories_v2/food/diner_bg_64.png,NULL
4,Chả Cá Thăng Long,NULL,8:00 AM - 10:00 PM,Diner,"Breakfast, Lunch, Dinner",5.0,1,"31, Đường Thành (Hàng Điếu), Hoàn Kiếm, Thành Phố Hà Nội",Unknown,14,https://ss3.4sqi.net/img/categories_v2/food/diner_bg_64.png,NULL
5,Phở 10 Lý Quốc Sư,NULL,8:00 AM - 10:00 PM,Diner,"Breakfast, Lunch, Dinner",5.0,1,"10 Lý Quốc Sư (Chân Cầm), Hoàn Kiếm, Thành Phố Hà Nội",Unknown,15,https://ss3.4sqi.net/img/categories_v2/food/diner_bg_64.png,NULL
6,Bánh Mì 25 - Hàng Cá,NULL,8:00 AM - 10:00 PM,Sandwich Spot,"Breakfast, Lunch, Dinner",5.0,1,"25 Hàng Cá (Thuốc Bắc), Hoàn Kiếm, Thành Phố Hà Nội",Unknown,16,https://ss3.4sqi.net/img/categories_v2/food/deli_bg_64.png,NULL
7,Cộng Caphe - Nhà Thờ,NULL,8:00 AM - 10:00 PM,Coffee Shop,"Breakfast, Lunch, Dinner",5.0,1,"27 Nhà Thờ (Nha Chung), Hà Nội, Thành Phố Hà Nội",Unknown,17,https://ss3.4sqi.net/img/categories_v2/food/coffeeshop_bg_64.png,NULL
8,Cà Phê Giảng,NULL,8:00 AM - 10:00 PM,Café,"Breakfast, Lunch, Dinner",5.0,1,"39 Nguyễn Hữu Huân, Hoàn Kiếm, Thành Phố Hà Nội",Unknown,18,https://ss3.4sqi.net/img/categories_v2/food/cafe_bg_64.png,NULL
9,Pizza 4Ps 11B Bảo Khánh,NULL,8:00 AM - 10:00 PM,Pizzeria,"Breakfast, Lunch, Dinner",5.0,1,"11B Bảo Khánh, Hà Nội, Thành Phố Hà Nội",Unknown,19,https://ss3.4sqi.net/img/categories_v2/food/pizza_bg_64.png,NULL
10,Hidden Gem Coffee,NULL,8:00 AM - 10:00 PM,Coffee Shop,"Breakfast, Lunch, Dinner",5.0,1,"3B Hàng Tre, Hà Nội, Thành Phố Hà Nội",Unknown,20,https://ss3.4sqi.net/img/categories_v2/food/coffeeshop_bg_64.png,NULL
11,Phở Hòa Pasteur,NULL,8:00 AM - 10:00 PM,Vietnamese Restaurant,"Breakfast, Lunch, Dinner",5.0,1,"260C Pasteur, Thành phố Hồ Chí Minh",Unknown,41,https://ss3.4sqi.net/img/categories_v2/food/vietnamese_bg_64.png,NULL
12,Pizza 4P's,NULL,8:00 AM - 10:00 PM,Pizzeria,"Breakfast, Lunch, Dinner",5.0,1,"8 Thủ Khoa Huân, Hồ Chí Minh, Thành phố Hồ Chí Minh, Thành phố Hồ Chí Minh",Unknown,42,https://ss3.4sqi.net/img/categories_v2/food/pizza_bg_64.png,NULL
13,Heart Of Darkness,NULL,8:00 AM - 10:00 PM,Dive Bar,"Breakfast, Lunch, Dinner",5.0,1,"31D Ly Tu Trong, Thành phố Hồ Chí Minh, Thành phố Hồ Chí Minh",Unknown,43,https://ss3.4sqi.net/img/categories_v2/nightlife/divebar_bg_64.png,NULL
14,Bếp Mẹ Ỉn,NULL,8:00 AM - 10:00 PM,Vietnamese Restaurant,"Breakfast, Lunch, Dinner",5.0,1,"136/9 Le Thanh Ton P. Ben Thanh, Q1, Thành phố Hồ Chí Minh, Thành phố Hồ Chí Minh",Unknown,44,https://ss3.4sqi.net/img/categories_v2/food/vietnamese_bg_64.png,NULL
15,Cộng Cà Phê,NULL,8:00 AM - 10:00 PM,Café,"Breakfast, Lunch, Dinner",5.0,1,"26 Lý Tự Trọng, Thành phố Hồ Chí Minh, Thành phố Hồ Chí Minh",Unknown,45,https://ss3.4sqi.net/img/categories_v2/food/cafe_bg_64.png,NULL
16,Bánh Mì Huỳnh Hoa,NULL,8:00 AM - 10:00 PM,Bakery,"Breakfast, Lunch, Dinner",5.0,1,"26 Lê Thị Riêng, Thành phố Hồ Chí Minh, Thành phố Hồ Chí Minh",Unknown,46,https://ss3.4sqi.net/img/categories_v2/food/bakery_bg_64.png,NULL
17,The Racha Room - Món Thái,NULL,8:00 AM - 10:00 PM,Thai Restaurant,"Breakfast, Lunch, Dinner",5.0,1,"12 - 14 Mạc Thị Bưởi (hai ba trung), Thành phố Hồ Chí Minh, Thành phố Hồ Chí Minh",Unknown,47,https://ss3.4sqi.net/img/categories_v2/food/thai_bg_64.png,NULL
18,Bánh Mì Hông Hoa,NULL,8:00 AM - 10:00 PM,Sandwich Spot,"Breakfast, Lunch, Dinner",5.0,1,"62 Nguyen Van Trang, Thành phố Hồ Chí Minh, Thành phố Hồ Chí Minh",Unknown,48,https://ss3.4sqi.net/img/categories_v2/food/deli_bg_64.png,NULL
19,Nhà Hàng Hoa Túc,NULL,8:00 AM - 10:00 PM,Vietnamese Restaurant,"Breakfast, Lunch, Dinner",5.0,1,"74 Hai Bà Trưng, Thành phố Hồ Chí Minh, Thành phố Hồ Chí Minh",Unknown,49,https://ss3.4sqi.net/img/categories_v2/food/vietnamese_bg_64.png,NULL
20,Quán Mì Cật,NULL,8:00 AM - 10:00 PM,Noodle Restaurant,"Breakfast, Lunch, Dinner",5.0,1,"62 Truong Dinh St., Dist. 1 (Trương Định - Lý Tự Trọng), Thành phố Hồ Chí Minh, Thành phố Hồ Chí Minh",Unknown,50,https://ss3.4sqi.net/img/categories_v2/food/ramen_bg_64.png,NULL
21,Pizza 4P's Hoang Van Thu,NULL,8:00 AM - 10:00 PM,Pizzeria,"Breakfast, Lunch, Dinner",5.0,1,"8 Hoang Van Thu, Đà Nẵng, Thành Phố Đà Nẵng",Unknown,71,https://ss3.4sqi.net/img/categories_v2/food/pizza_bg_64.png,NULL
22,Cộng Càphê,NULL,8:00 AM - 10:00 PM,Coffee Shop,"Breakfast, Lunch, Dinner",5.0,1,"96-98 Bạch Đằng, Đà Nẵng, Thành Phố Đà Nẵng",Unknown,72,https://ss3.4sqi.net/img/categories_v2/food/coffeeshop_bg_64.png,NULL
23,Mì AA - Happy Bread,NULL,8:00 AM - 10:00 PM,Sandwich Spot,"Breakfast, Lunch, Dinner",5.0,1,"14 Hùng Vương, Đà Nẵng, Thành Phố Đà Nẵng",Unknown,73,https://ss3.4sqi.net/img/categories_v2/food/deli_bg_64.png,NULL
24,Luna Pub,NULL,8:00 AM - 10:00 PM,Bar,"Breakfast, Lunch, Dinner",5.0,1,"9 Trần Phú, Đà Nẵng, Thành Phố Đà Nẵng",Unknown,74,https://ss3.4sqi.net/img/categories_v2/nightlife/pub_bg_64.png,NULL
25,Madame Lân Restaurant,NULL,8:00 AM - 10:00 PM,Vietnamese Restaurant,"Breakfast, Lunch, Dinner",5.0,1,"4 Bạch Đằng, Thạch Thang, Hải Châu, Thạch Thang Hải Châu Đà Nẵng 550000, Vi﻿etnam, Hải Châu, Thành Phố Đà Nẵng",Unknown,75,https://ss3.4sqi.net/img/categories_v2/food/vietnamese_bg_64.png,NULL
26,Phở Bắc Hải,NULL,8:00 AM - 10:00 PM,Noodle Restaurant,"Breakfast, Lunch, Dinner",5.0,1,"185, Trần Phú, Thành Phố Đà Nẵng",Unknown,76,https://ss3.4sqi.net/img/categories_v2/food/ramen_bg_64.png,NULL
27,Bếp Hên,NULL,8:00 AM - 10:00 PM,Diner,"Breakfast, Lunch, Dinner",5.0,1,Thành Phố Đà Nẵng,Unknown,77,https://ss3.4sqi.net/img/categories_v2/food/diner_bg_64.png,NULL
28,Boulevard Gelato & Coffee,NULL,8:00 AM - 10:00 PM,Coffee Shop,"Breakfast, Lunch, Dinner",5.0,1,"77 Trần Quốc Toản, Hải Châu﻿ 1, Hải Châu, Đà Nẵng 550000",Unknown,78,https://ss3.4sqi.net/img/categories_v2/food/coffeeshop_bg_64.png,NULL
29,Burger Bros,NULL,8:00 AM - 10:00 PM,Burger Joint,"Breakfast, Lunch, Dinner",5.0,1,"18 An Thượng 4, Đà Nẵng, Thành Phố Đà Nẵng",Unknown,79,https://ss3.4sqi.net/img/categories_v2/food/burger_bg_64.png,NULL
30,L' Italiano Restaurant,NULL,8:00 AM - 10:00 PM,Italian Restaurant,"Breakfast, Lunch, Dinner",5.0,1,"An Thuong 30 My An, Ngu Hanh Son, Thành Phố Đà Nẵng",Unknown,80,https://ss3.4sqi.net/img/categories_v2/food/italian_bg_64.png,NULL
31,Pasteur Street Brewing Company,NULL,8:00 AM - 10:00 PM,Brewery,"Breakfast, Lunch, Dinner",5.0,1,"Hà Nội, Thành Phố Hà Nội",Unknown,101,https://ss3.4sqi.net/img/categories_v2/food/brewery_bg_64.png,NULL
32,Duong's 2 Restaurant & Cooking Class,NULL,8:00 AM - 10:00 PM,Vietnamese Restaurant,"Breakfast, Lunch, Dinner",5.0,1,"101 Ma May Street., Hoàn Kiếm, Thành Phố Hà Nội",Unknown,102,https://ss3.4sqi.net/img/categories_v2/food/vietnamese_bg_64.png,NULL
33,Bánh Cuốn Bà Hoành - Tô Hiến Thành,NULL,8:00 AM - 10:00 PM,Diner,"Breakfast, Lunch, Dinner",5.0,1,"66 Tô Hiến Thành (Bùi Thị Xuân), Hai Bà Trưng, Thành Phố Hà Nội",Unknown,103,https://ss3.4sqi.net/img/categories_v2/food/diner_bg_64.png,NULL
34,Chả Cá Thăng Long,NULL,8:00 AM - 10:00 PM,Diner,"Breakfast, Lunch, Dinner",5.0,1,"31, Đường Thành (Hàng Điếu), Hoàn Kiếm, Thành Phố Hà Nội",Unknown,104,https://ss3.4sqi.net/img/categories_v2/food/diner_bg_64.png,NULL
35,Phở 10 Lý Quốc Sư,NULL,8:00 AM - 10:00 PM,Diner,"Breakfast, Lunch, Dinner",5.0,1,"10 Lý Quốc Sư (Chân Cầm), Hoàn Kiếm, Thành Phố Hà Nội",Unknown,105,https://ss3.4sqi.net/img/categories_v2/food/diner_bg_64.png,NULL
36,Bánh Mì 25 - Hàng Cá,NULL,8:00 AM - 10:00 PM,Sandwich Spot,"Breakfast, Lunch, Dinner",5.0,1,"25 Hàng Cá (Thuốc Bắc), Hoàn Kiếm, Thành Phố Hà Nội",Unknown,106,https://ss3.4sqi.net/img/categories_v2/food/deli_bg_64.png,NULL
37,Cộng Caphe - Nhà Thờ,NULL,8:00 AM - 10:00 PM,Coffee Shop,"Breakfast, Lunch, Dinner",5.0,1,"27 Nhà Thờ (Nha Chung), Hà Nội, Thành Phố Hà Nội",Unknown,107,https://ss3.4sqi.net/img/categories_v2/food/coffeeshop_bg_64.png,NULL
38,Cà Phê Giảng,NULL,8:00 AM - 10:00 PM,Café,"Breakfast, Lunch, Dinner",5.0,1,"39 Nguyễn Hữu Huân, Hoàn Kiếm, Thành Phố Hà Nội",Unknown,108,https://ss3.4sqi.net/img/categories_v2/food/cafe_bg_64.png,NULL
39,Pizza 4Ps 11B Bảo Khánh,NULL,8:00 AM - 10:00 PM,Pizzeria,"Breakfast, Lunch, Dinner",5.0,1,"11B Bảo Khánh, Hà Nội, Thành Phố Hà Nội",Unknown,109,https://ss3.4sqi.net/img/categories_v2/food/pizza_bg_64.png,NULL
40,Hidden Gem Coffee,NULL,8:00 AM - 10:00 PM,Coffee Shop,"Breakfast, Lunch, Dinner",5.0,1,"3B Hàng Tre, Hà Nội, Thành Phố Hà Nội",Unknown,110,https://ss3.4sqi.net/img/categories_v2/food/coffeeshop_bg_64.png,NULL
41,Phở Hòa Pasteur,NULL,8:00 AM - 10:00 PM,Vietnamese Restaurant,"Breakfast, Lunch, Dinner",5.0,1,"260C Pasteur, Thành phố Hồ Chí Minh",Unknown,131,https://ss3.4sqi.net/img/categories_v2/food/vietnamese_bg_64.png,NULL
42,Pizza 4P's,NULL,8:00 AM - 10:00 PM,Pizzeria,"Breakfast, Lunch, Dinner",5.0,1,"8 Thủ Khoa Huân, Hồ Chí Minh, Thành phố Hồ Chí Minh, Thành phố Hồ Chí Minh",Unknown,132,https://ss3.4sqi.net/img/categories_v2/food/pizza_bg_64.png,NULL
43,Heart Of Darkness,NULL,8:00 AM - 10:00 PM,Dive Bar,"Breakfast, Lunch, Dinner",5.0,1,"31D Ly Tu Trong, Thành phố Hồ Chí Minh, Thành phố Hồ Chí Minh",Unknown,133,https://ss3.4sqi.net/img/categories_v2/nightlife/divebar_bg_64.png,NULL
44,Bếp Mẹ Ỉn,NULL,8:00 AM - 10:00 PM,Vietnamese Restaurant,"Breakfast, Lunch, Dinner",5.0,1,"136/9 Le Thanh Ton P. Ben Thanh, Q1, Thành phố Hồ Chí Minh, Thành phố Hồ Chí Minh",Unknown,134,https://ss3.4sqi.net/img/categories_v2/food/vietnamese_bg_64.png,NULL
45,Cộng Cà Phê,NULL,8:00 AM - 10:00 PM,Café,"Breakfast, Lunch, Dinner",5.0,1,"26 Lý Tự Trọng, Thành phố Hồ Chí Minh, Thành phố Hồ Chí Minh",Unknown,135,https://ss3.4sqi.net/img/categories_v2/food/cafe_bg_64.png,NULL
46,Bánh Mì Huỳnh Hoa,NULL,8:00 AM - 10:00 PM,Bakery,"Breakfast, Lunch, Dinner",5.0,1,"26 Lê Thị Riêng, Thành phố Hồ Chí Minh, Thành phố Hồ Chí Minh",Unknown,136,https://ss3.4sqi.net/img/categories_v2/food/bakery_bg_64.png,NULL
47,The Racha Room - Món Thái,NULL,8:00 AM - 10:00 PM,Thai Restaurant,"Breakfast, Lunch, Dinner",5.0,1,"12 - 14 Mạc Thị Bưởi (hai ba trung), Thành phố Hồ Chí Minh, Thành phố Hồ Chí Minh",Unknown,137,https://ss3.4sqi.net/img/categories_v2/food/thai_bg_64.png,NULL
48,Bánh Mì Hông Hoa,NULL,8:00 AM - 10:00 PM,Sandwich Spot,"Breakfast, Lunch, Dinner",5.0,1,"62 Nguyen Van Trang, Thành phố Hồ Chí Minh, Thành phố Hồ Chí Minh",Unknown,138,https://ss3.4sqi.net/img/categories_v2/food/deli_bg_64.png,NULL
49,Nhà Hàng Hoa Túc,NULL,8:00 AM - 10:00 PM,Vietnamese Restaurant,"Breakfast, Lunch, Dinner",5.0,1,"74 Hai Bà Trưng, Thành phố Hồ Chí Minh, Thành phố Hồ Chí Minh",Unknown,139,https://ss3.4sqi.net/img/categories_v2/food/vietnamese_bg_64.png,NULL
50,Quán Mì Cật,NULL,8:00 AM - 10:00 PM,Noodle Restaurant,"Breakfast, Lunch, Dinner",5.0,1,"62 Truong Dinh St., Dist. 1 (Trương Định - Lý Tự Trọng), Thành phố Hồ Chí Minh, Thành phố Hồ Chí Minh",Unknown,140,https://ss3.4sqi.net/img/categories_v2/food/ramen_bg_64.png,NULL
51,Pizza 4P's Hoang Van Thu,NULL,8:00 AM - 10:00 PM,Pizzeria,"Breakfast, Lunch, Dinner",5.0,1,"8 Hoang Van Thu, Đà Nẵng, Thành Phố Đà Nẵng",Unknown,161,https://ss3.4sqi.net/img/categories_v2/food/pizza_bg_64.png,NULL
52,Cộng Càphê,NULL,8:00 AM - 10:00 PM,Coffee Shop,"Breakfast, Lunch, Dinner",5.0,1,"96-98 Bạch Đằng, Đà Nẵng, Thành Phố Đà Nẵng",Unknown,162,https://ss3.4sqi.net/img/categories_v2/food/coffeeshop_bg_64.png,NULL
53,Mì AA - Happy Bread,NULL,8:00 AM - 10:00 PM,Sandwich Spot,"Breakfast, Lunch, Dinner",5.0,1,"14 Hùng Vương, Đà Nẵng, Thành Phố Đà Nẵng",Unknown,163,https://ss3.4sqi.net/img/categories_v2/food/deli_bg_64.png,NULL
54,Luna Pub,NULL,8:00 AM - 10:00 PM,Bar,"Breakfast, Lunch, Dinner",5.0,1,"9 Trần Phú, Đà Nẵng, Thành Phố Đà Nẵng",Unknown,164,https://ss3.4sqi.net/img/categories_v2/nightlife/pub_bg_64.png,NULL
55,Madame Lân Restaurant,NULL,8:00 AM - 10:00 PM,Vietnamese Restaurant,"Breakfast, Lunch, Dinner",5.0,1,"4 Bạch Đằng, Thạch Thang, Hải Châu, Thạch Thang Hải Châu Đà Nẵng 550000, Vi﻿etnam, Hải Châu, Thành Phố Đà Nẵng",Unknown,165,https://ss3.4sqi.net/img/categories_v2/food/vietnamese_bg_64.png,NULL
56,Phở Bắc Hải,NULL,8:00 AM - 10:00 PM,Noodle Restaurant,"Breakfast, Lunch, Dinner",5.0,1,"185, Trần Phú, Thành Phố Đà Nẵng",Unknown,166,https://ss3.4sqi.net/img/categories_v2/food/ramen_bg_64.png,NULL
57,Bếp Hên,NULL,8:00 AM - 10:00 PM,Diner,"Breakfast, Lunch, Dinner",5.0,1,Thành Phố Đà Nẵng,Unknown,167,https://ss3.4sqi.net/img/categories_v2/food/diner_bg_64.png,NULL
58,Boulevard Gelato & Coffee,NULL,8:00 AM - 10:00 PM,Coffee Shop,"Breakfast, Lunch, Dinner",5.0,1,"77 Trần Quốc Toản, Hải Châu﻿ 1, Hải Châu, Đà Nẵng 550000",Unknown,168,https://ss3.4sqi.net/img/categories_v2/food/coffeeshop_bg_64.png,NULL
59,Burger Bros,NULL,8:00 AM - 10:00 PM,Burger Joint,"Breakfast, Lunch, Dinner",5.0,1,"18 An Thượng 4, Đà Nẵng, Thành Phố Đà Nẵng",Unknown,169,https://ss3.4sqi.net/img/categories_v2/food/burger_bg_64.png,NULL
60,L' Italiano Restaurant,NULL,8:00 AM - 10:00 PM,Italian Restaurant,"Breakfast, Lunch, Dinner",5.0,1,"An Thuong 30 My An, Ngu Hanh Son, Thành Phố Đà Nẵng",Unknown,170,https://ss3.4sqi.net/img/categories_v2/food/italian_bg_64.png,NULL
61,Pasteur Street Brewing Company,NULL,8:00 AM - 10:00 PM,Brewery,"Breakfast, Lunch, Dinner",5.0,1,"Hà Nội, Thành Phố Hà Nội",Unknown,191,https://ss3.4sqi.net/img/categories_v2/food/brewery_bg_64.png,NULL
62,Duong's 2 Restaurant & Cooking Class,NULL,8:00 AM - 10:00 PM,Vietnamese Restaurant,"Breakfast, Lunch, Dinner",5.0,1,"101 Ma May Street., Hoàn Kiếm, Thành Phố Hà Nội",Unknown,192,https://ss3.4sqi.net/img/categories_v2/food/vietnamese_bg_64.png,NULL
63,Bánh Cuốn Bà Hoành - Tô Hiến Thành,NULL,8:00 AM - 10:00 PM,Diner,"Breakfast, Lunch, Dinner",5.0,1,"66 Tô Hiến Thành (Bùi Thị Xuân), Hai Bà Trưng, Thành Phố Hà Nội",Unknown,193,https://ss3.4sqi.net/img/categories_v2/food/diner_bg_64.png,NULL
64,Chả Cá Thăng Long,NULL,8:00 AM - 10:00 PM,Diner,"Breakfast, Lunch, Dinner",5.0,1,"31, Đường Thành (Hàng Điếu), Hoàn Kiếm, Thành Phố Hà Nội",Unknown,194,https://ss3.4sqi.net/img/categories_v2/food/diner_bg_64.png,NULL
65,Phở 10 Lý Quốc Sư,NULL,8:00 AM - 10:00 PM,Diner,"Breakfast, Lunch, Dinner",5.0,1,"10 Lý Quốc Sư (Chân Cầm), Hoàn Kiếm, Thành Phố Hà Nội",Unknown,195,https://ss3.4sqi.net/img/categories_v2/food/diner_bg_64.png,NULL
66,Bánh Mì 25 - Hàng Cá,NULL,8:00 AM - 10:00 PM,Sandwich Spot,"Breakfast, Lunch, Dinner",5.0,1,"25 Hàng Cá (Thuốc Bắc), Hoàn Kiếm, Thành Phố Hà Nội",Unknown,196,https://ss3.4sqi.net/img/categories_v2/food/deli_bg_64.png,NULL
67,Cộng Caphe - Nhà Thờ,NULL,8:00 AM - 10:00 PM,Coffee Shop,"Breakfast, Lunch, Dinner",5.0,1,"27 Nhà Thờ (Nha Chung), Hà Nội, Thành Phố Hà Nội",Unknown,197,https://ss3.4sqi.net/img/categories_v2/food/coffeeshop_bg_64.png,NULL
68,Cà Phê Giảng,NULL,8:00 AM - 10:00 PM,Café,"Breakfast, Lunch, Dinner",5.0,1,"39 Nguyễn Hữu Huân, Hoàn Kiếm, Thành Phố Hà Nội",Unknown,198,https://ss3.4sqi.net/img/categories_v2/food/cafe_bg_64.png,NULL
69,Pizza 4Ps 11B Bảo Khánh,NULL,8:00 AM - 10:00 PM,Pizzeria,"Breakfast, Lunch, Dinner",5.0,1,"11B Bảo Khánh, Hà Nội, Thành Phố Hà Nội",Unknown,199,https://ss3.4sqi.net/img/categories_v2/food/pizza_bg_64.png,NULL
70,Hidden Gem Coffee,NULL,8:00 AM - 10:00 PM,Coffee Shop,"Breakfast, Lunch, Dinner",5.0,1,"3B Hàng Tre, Hà Nội, Thành Phố Hà Nội",Unknown,200,https://ss3.4sqi.net/img/categories_v2/food/coffeeshop_bg_64.png,NULL
71,Phở Hòa Pasteur,NULL,8:00 AM - 10:00 PM,Vietnamese Restaurant,"Breakfast, Lunch, Dinner",5.0,1,"260C Pasteur, Thành phố Hồ Chí Minh",Unknown,231,https://ss3.4sqi.net/img/categories_v2/food/vietnamese_bg_64.png,NULL
72,Pizza 4P's,NULL,8:00 AM - 10:00 PM,Pizzeria,"Breakfast, Lunch, Dinner",5.0,1,"8 Thủ Khoa Huân, Hồ Chí Minh, Thành phố Hồ Chí Minh, Thành phố Hồ Chí Minh",Unknown,232,https://ss3.4sqi.net/img/categories_v2/food/pizza_bg_64.png,NULL
73,Heart Of Darkness,NULL,8:00 AM - 10:00 PM,Dive Bar,"Breakfast, Lunch, Dinner",5.0,1,"31D Ly Tu Trong, Thành phố Hồ Chí Minh, Thành phố Hồ Chí Minh",Unknown,233,https://ss3.4sqi.net/img/categories_v2/nightlife/divebar_bg_64.png,NULL
74,Bếp Mẹ Ỉn,NULL,8:00 AM - 10:00 PM,Vietnamese Restaurant,"Breakfast, Lunch, Dinner",5.0,1,"136/9 Le Thanh Ton P. Ben Thanh, Q1, Thành phố Hồ Chí Minh, Thành phố Hồ Chí Minh",Unknown,234,https://ss3.4sqi.net/img/categories_v2/food/vietnamese_bg_64.png,NULL
75,Cộng Cà Phê,NULL,8:00 AM - 10:00 PM,Café,"Breakfast, Lunch, Dinner",5.0,1,"26 Lý Tự Trọng, Thành phố Hồ Chí Minh, Thành phố Hồ Chí Minh",Unknown,235,https://ss3.4sqi.net/img/categories_v2/food/cafe_bg_64.png,NULL
76,Bánh Mì Huỳnh Hoa,NULL,8:00 AM - 10:00 PM,Bakery,"Breakfast, Lunch, Dinner",5.0,1,"26 Lê Thị Riêng, Thành phố Hồ Chí Minh, Thành phố Hồ Chí Minh",Unknown,236,https://ss3.4sqi.net/img/categories_v2/food/bakery_bg_64.png,NULL
77,The Racha Room - Món Thái,NULL,8:00 AM - 10:00 PM,Thai Restaurant,"Breakfast, Lunch, Dinner",5.0,1,"12 - 14 Mạc Thị Bưởi (hai ba trung), Thành phố Hồ Chí Minh, Thành phố Hồ Chí Minh",Unknown,237,https://ss3.4sqi.net/img/categories_v2/food/thai_bg_64.png,NULL
78,Bánh Mì Hông Hoa,NULL,8:00 AM - 10:00 PM,Sandwich Spot,"Breakfast, Lunch, Dinner",5.0,1,"62 Nguyen Van Trang, Thành phố Hồ Chí Minh, Thành phố Hồ Chí Minh",Unknown,238,https://ss3.4sqi.net/img/categories_v2/food/deli_bg_64.png,NULL
79,Nhà Hàng Hoa Túc,NULL,8:00 AM - 10:00 PM,Vietnamese Restaurant,"Breakfast, Lunch, Dinner",5.0,1,"74 Hai Bà Trưng, Thành phố Hồ Chí Minh, Thành phố Hồ Chí Minh",Unknown,239,https://ss3.4sqi.net/img/categories_v2/food/vietnamese_bg_64.png,NULL
80,Quán Mì Cật,NULL,8:00 AM - 10:00 PM,Noodle Restaurant,"Breakfast, Lunch, Dinner",5.0,1,"62 Truong Dinh St., Dist. 1 (Trương Định - Lý Tự Trọng), Thành phố Hồ Chí Minh, Thành phố Hồ Chí Minh",Unknown,240,https://ss3.4sqi.net/img/categories_v2/food/ramen_bg_64.png,NULL
81,Pizza 4P's Hoang Van Thu,NULL,8:00 AM - 10:00 PM,Pizzeria,"Breakfast, Lunch, Dinner",5.0,1,"8 Hoang Van Thu, Đà Nẵng, Thành Phố Đà Nẵng",Unknown,271,https://ss3.4sqi.net/img/categories_v2/food/pizza_bg_64.png,NULL
82,Cộng Càphê,NULL,8:00 AM - 10:00 PM,Coffee Shop,"Breakfast, Lunch, Dinner",5.0,1,"96-98 Bạch Đằng, Đà Nẵng, Thành Phố Đà Nẵng",Unknown,272,https://ss3.4sqi.net/img/categories_v2/food/coffeeshop_bg_64.png,NULL
83,Mì AA - Happy Bread,NULL,8:00 AM - 10:00 PM,Sandwich Spot,"Breakfast, Lunch, Dinner",5.0,1,"14 Hùng Vương, Đà Nẵng, Thành Phố Đà Nẵng",Unknown,273,https://ss3.4sqi.net/img/categories_v2/food/deli_bg_64.png,NULL
84,Luna Pub,NULL,8:00 AM - 10:00 PM,Bar,"Breakfast, Lunch, Dinner",5.0,1,"9 Trần Phú, Đà Nẵng, Thành Phố Đà Nẵng",Unknown,274,https://ss3.4sqi.net/img/categories_v2/nightlife/pub_bg_64.png,NULL
85,Madame Lân Restaurant,NULL,8:00 AM - 10:00 PM,Vietnamese Restaurant,"Breakfast, Lunch, Dinner",5.0,1,"4 Bạch Đằng, Thạch Thang, Hải Châu, Thạch Thang Hải Châu Đà Nẵng 550000, Vi﻿etnam, Hải Châu, Thành Phố Đà Nẵng",Unknown,275,https://ss3.4sqi.net/img/categories_v2/food/vietnamese_bg_64.png,NULL
86,Phở Bắc Hải,NULL,8:00 AM - 10:00 PM,Noodle Restaurant,"Breakfast, Lunch, Dinner",5.0,1,"185, Trần Phú, Thành Phố Đà Nẵng",Unknown,276,https://ss3.4sqi.net/img/categories_v2/food/ramen_bg_64.png,NULL
87,Bếp Hên,NULL,8:00 AM - 10:00 PM,Diner,"Breakfast, Lunch, Dinner",5.0,1,Thành Phố Đà Nẵng,Unknown,277,https://ss3.4sqi.net/img/categories_v2/food/diner_bg_64.png,NULL
88,Boulevard Gelato & Coffee,NULL,8:00 AM - 10:00 PM,Coffee Shop,"Breakfast, Lunch, Dinner",5.0,1,"77 Trần Quốc Toản, Hải Châu﻿ 1, Hải Châu, Đà Nẵng 550000",Unknown,278,https://ss3.4sqi.net/img/categories_v2/food/coffeeshop_bg_64.png,NULL
89,Burger Bros,NULL,8:00 AM - 10:00 PM,Burger Joint,"Breakfast, Lunch, Dinner",5.0,1,"18 An Thượng 4, Đà Nẵng, Thành Phố Đà Nẵng",Unknown,279,https://ss3.4sqi.net/img/categories_v2/food/burger_bg_64.png,NULL
90,L' Italiano Restaurant,NULL,8:00 AM - 10:00 PM,Italian Restaurant,"Breakfast, Lunch, Dinner",5.0,1,"An Thuong 30 My An, Ngu Hanh Son, Thành Phố Đà Nẵng",Unknown,280,https://ss3.4sqi.net/img/categories_v2/food/italian_bg_64.png,NULL
91,Pasteur Street Brewing Company,NULL,8:00 AM - 10:00 PM,Brewery,"Breakfast, Lunch, Dinner",5.0,1,"Hà Nội, Thành Phố Hà Nội",Unknown,311,https://ss3.4sqi.net/img/categories_v2/food/brewery_bg_64.png,NULL
92,Duong's 2 Restaurant & Cooking Class,NULL,8:00 AM - 10:00 PM,Vietnamese Restaurant,"Breakfast, Lunch, Dinner",5.0,1,"101 Ma May Street., Hoàn Kiếm, Thành Phố Hà Nội",Unknown,312,https://ss3.4sqi.net/img/categories_v2/food/vietnamese_bg_64.png,NULL
93,Bánh Cuốn Bà Hoành - Tô Hiến Thành,NULL,8:00 AM - 10:00 PM,Diner,"Breakfast, Lunch, Dinner",5.0,1,"66 Tô Hiến Thành (Bùi Thị Xuân), Hai Bà Trưng, Thành Phố Hà Nội",Unknown,313,https://ss3.4sqi.net/img/categories_v2/food/diner_bg_64.png,NULL
94,Chả Cá Thăng Long,NULL,8:00 AM - 10:00 PM,Diner,"Breakfast, Lunch, Dinner",5.0,1,"31, Đường Thành (Hàng Điếu), Hoàn Kiếm, Thành Phố Hà Nội",Unknown,314,https://ss3.4sqi.net/img/categories_v2/food/diner_bg_64.png,NULL
95,Phở 10 Lý Quốc Sư,NULL,8:00 AM - 10:00 PM,Diner,"Breakfast, Lunch, Dinner",5.0,1,"10 Lý Quốc Sư (Chân Cầm), Hoàn Kiếm, Thành Phố Hà Nội",Unknown,315,https://ss3.4sqi.net/img/categories_v2/food/diner_bg_64.png,NULL
96,Bánh Mì 25 - Hàng Cá,NULL,8:00 AM - 10:00 PM,Sandwich Spot,"Breakfast, Lunch, Dinner",5.0,1,"25 Hàng Cá (Thuốc Bắc), Hoàn Kiếm, Thành Phố Hà Nội",Unknown,316,https://ss3.4sqi.net/img/categories_v2/food/deli_bg_64.png,NULL
97,Cộng Caphe - Nhà Thờ,NULL,8:00 AM - 10:00 PM,Coffee Shop,"Breakfast, Lunch, Dinner",5.0,1,"27 Nhà Thờ (Nha Chung), Hà Nội, Thành Phố Hà Nội",Unknown,317,https://ss3.4sqi.net/img/categories_v2/food/coffeeshop_bg_64.png,NULL
98,Cà Phê Giảng,NULL,8:00 AM - 10:00 PM,Café,"Breakfast, Lunch, Dinner",5.0,1,"39 Nguyễn Hữu Huân, Hoàn Kiếm, Thành Phố Hà Nội",Unknown,318,https://ss3.4sqi.net/img/categories_v2/food/cafe_bg_64.png,NULL
99,Pizza 4Ps 11B Bảo Khánh,NULL,8:00 AM - 10:00 PM,Pizzeria,"Breakfast, Lunch, Dinner",5.0,1,"11B Bảo Khánh, Hà Nội, Thành Phố Hà Nội",Unknown,319,https://ss3.4sqi.net/img/categories_v2/food/pizza_bg_64.png,NULL
100,Hidden Gem Coffee,NULL,8:00 AM - 10:00 PM,Coffee Shop,"Breakfast, Lunch, Dinner",5.0,1,"3B Hàng Tre, Hà Nội, Thành Phố Hà Nội",Unknown,320,https://ss3.4sqi.net/img/categories_v2/food/coffeeshop_bg_64.png,NULL
101,Phở Hòa Pasteur,NULL,8:00 AM - 10:00 PM,Vietnamese Restaurant,"Breakfast, Lunch, Dinner",5.0,1,"260C Pasteur, Thành phố Hồ Chí Minh",Unknown,351,https://ss3.4sqi.net/img/categories_v2/food/vietnamese_bg_64.png,NULL
102,Pizza 4P's,NULL,8:00 AM - 10:00 PM,Pizzeria,"Breakfast, Lunch, Dinner",5.0,1,"8 Thủ Khoa Huân, Hồ Chí Minh, Thành phố Hồ Chí Minh, Thành phố Hồ Chí Minh",Unknown,352,https://ss3.4sqi.net/img/categories_v2/food/pizza_bg_64.png,NULL
103,Heart Of Darkness,NULL,8:00 AM - 10:00 PM,Dive Bar,"Breakfast, Lunch, Dinner",5.0,1,"31D Ly Tu Trong, Thành phố Hồ Chí Minh, Thành phố Hồ Chí Minh",Unknown,353,https://ss3.4sqi.net/img/categories_v2/nightlife/divebar_bg_64.png,NULL
104,Bếp Mẹ Ỉn,NULL,8:00 AM - 10:00 PM,Vietnamese Restaurant,"Breakfast, Lunch, Dinner",5.0,1,"136/9 Le Thanh Ton P. Ben Thanh, Q1, Thành phố Hồ Chí Minh, Thành phố Hồ Chí Minh",Unknown,354,https://ss3.4sqi.net/img/categories_v2/food/vietnamese_bg_64.png,NULL
105,Cộng Cà Phê,NULL,8:00 AM - 10:00 PM,Café,"Breakfast, Lunch, Dinner",5.0,1,"26 Lý Tự Trọng, Thành phố Hồ Chí Minh, Thành phố Hồ Chí Minh",Unknown,355,https://ss3.4sqi.net/img/categories_v2/food/cafe_bg_64.png,NULL
106,Bánh Mì Huỳnh Hoa,NULL,8:00 AM - 10:00 PM,Bakery,"Breakfast, Lunch, Dinner",5.0,1,"26 Lê Thị Riêng, Thành phố Hồ Chí Minh, Thành phố Hồ Chí Minh",Unknown,356,https://ss3.4sqi.net/img/categories_v2/food/bakery_bg_64.png,NULL
107,The Racha Room - Món Thái,NULL,8:00 AM - 10:00 PM,Thai Restaurant,"Breakfast, Lunch, Dinner",5.0,1,"12 - 14 Mạc Thị Bưởi (hai ba trung), Thành phố Hồ Chí Minh, Thành phố Hồ Chí Minh",Unknown,357,https://ss3.4sqi.net/img/categories_v2/food/thai_bg_64.png,NULL
108,Bánh Mì Hông Hoa,NULL,8:00 AM - 10:00 PM,Sandwich Spot,"Breakfast, Lunch, Dinner",5.0,1,"62 Nguyen Van Trang, Thành phố Hồ Chí Minh, Thành phố Hồ Chí Minh",Unknown,358,https://ss3.4sqi.net/img/categories_v2/food/deli_bg_64.png,NULL
109,Nhà Hàng Hoa Túc,NULL,8:00 AM - 10:00 PM,Vietnamese Restaurant,"Breakfast, Lunch, Dinner",5.0,1,"74 Hai Bà Trưng, Thành phố Hồ Chí Minh, Thành phố Hồ Chí Minh",Unknown,359,https://ss3.4sqi.net/img/categories_v2/food/vietnamese_bg_64.png,NULL
110,Quán Mì Cật,NULL,8:00 AM - 10:00 PM,Noodle Restaurant,"Breakfast, Lunch, Dinner",5.0,1,"62 Truong Dinh St., Dist. 1 (Trương Định - Lý Tự Trọng), Thành phố Hồ Chí Minh, Thành phố Hồ Chí Minh",Unknown,360,https://ss3.4sqi.net/img/categories_v2/food/ramen_bg_64.png,NULL
111,Pizza 4P's Hoang Van Thu,NULL,8:00 AM - 10:00 PM,Pizzeria,"Breakfast, Lunch, Dinner",5.0,1,"8 Hoang Van Thu, Đà Nẵng, Thành Phố Đà Nẵng",Unknown,391,https://ss3.4sqi.net/img/categories_v2/food/pizza_bg_64.png,NULL
112,Cộng Càphê,NULL,8:00 AM - 10:00 PM,Coffee Shop,"Breakfast, Lunch, Dinner",5.0,1,"96-98 Bạch Đằng, Đà Nẵng, Thành Phố Đà Nẵng",Unknown,392,https://ss3.4sqi.net/img/categories_v2/food/coffeeshop_bg_64.png,NULL
113,Mì AA - Happy Bread,NULL,8:00 AM - 10:00 PM,Sandwich Spot,"Breakfast, Lunch, Dinner",5.0,1,"14 Hùng Vương, Đà Nẵng, Thành Phố Đà Nẵng",Unknown,393,https://ss3.4sqi.net/img/categories_v2/food/deli_bg_64.png,NULL
114,Luna Pub,NULL,8:00 AM - 10:00 PM,Bar,"Breakfast, Lunch, Dinner",5.0,1,"9 Trần Phú, Đà Nẵng, Thành Phố Đà Nẵng",Unknown,394,https://ss3.4sqi.net/img/categories_v2/nightlife/pub_bg_64.png,NULL
115,Madame Lân Restaurant,NULL,8:00 AM - 10:00 PM,Vietnamese Restaurant,"Breakfast, Lunch, Dinner",5.0,1,"4 Bạch Đằng, Thạch Thang, Hải Châu, Thạch Thang Hải Châu Đà Nẵng 550000, Vi﻿etnam, Hải Châu, Thành Phố Đà Nẵng",Unknown,395,https://ss3.4sqi.net/img/categories_v2/food/vietnamese_bg_64.png,NULL
116,Phở Bắc Hải,NULL,8:00 AM - 10:00 PM,Noodle Restaurant,"Breakfast, Lunch, Dinner",5.0,1,"185, Trần Phú, Thành Phố Đà Nẵng",Unknown,396,https://ss3.4sqi.net/img/categories_v2/food/ramen_bg_64.png,NULL
117,Bếp Hên,NULL,8:00 AM - 10:00 PM,Diner,"Breakfast, Lunch, Dinner",5.0,1,Thành Phố Đà Nẵng,Unknown,397,https://ss3.4sqi.net/img/categories_v2/food/diner_bg_64.png,NULL
118,Boulevard Gelato & Coffee,NULL,8:00 AM - 10:00 PM,Coffee Shop,"Breakfast, Lunch, Dinner",5.0,1,"77 Trần Quốc Toản, Hải Châu﻿ 1, Hải Châu, Đà Nẵng 550000",Unknown,398,https://ss3.4sqi.net/img/categories_v2/food/coffeeshop_bg_64.png,NULL
119,Burger Bros,NULL,8:00 AM - 10:00 PM,Burger Joint,"Breakfast, Lunch, Dinner",5.0,1,"18 An Thượng 4, Đà Nẵng, Thành Phố Đà Nẵng",Unknown,399,https://ss3.4sqi.net/img/categories_v2/food/burger_bg_64.png,NULL
120,L' Italiano Restaurant,NULL,8:00 AM - 10:00 PM,Italian Restaurant,"Breakfast, Lunch, Dinner",5.0,1,"An Thuong 30 My An, Ngu Hanh Son, Thành Phố Đà Nẵng",Unknown,400,https://ss3.4sqi.net/img/categories_v2/food/italian_bg_64.png,NULL
121,Pasteur Street Brewing Company,NULL,8:00 AM - 10:00 PM,Brewery,"Breakfast, Lunch, Dinner",5.0,1,"Hà Nội, Thành Phố Hà Nội",Unknown,431,https://ss3.4sqi.net/img/categories_v2/food/brewery_bg_64.png,NULL
122,Duong's 2 Restaurant & Cooking Class,NULL,8:00 AM - 10:00 PM,Vietnamese Restaurant,"Breakfast, Lunch, Dinner",5.0,1,"101 Ma May Street., Hoàn Kiếm, Thành Phố Hà Nội",Unknown,432,https://ss3.4sqi.net/img/categories_v2/food/vietnamese_bg_64.png,NULL
123,Bánh Cuốn Bà Hoành - Tô Hiến Thành,NULL,8:00 AM - 10:00 PM,Diner,"Breakfast, Lunch, Dinner",5.0,1,"66 Tô Hiến Thành (Bùi Thị Xuân), Hai Bà Trưng, Thành Phố Hà Nội",Unknown,433,https://ss3.4sqi.net/img/categories_v2/food/diner_bg_64.png,NULL
124,Chả Cá Thăng Long,NULL,8:00 AM - 10:00 PM,Diner,"Breakfast, Lunch, Dinner",5.0,1,"31, Đường Thành (Hàng Điếu), Hoàn Kiếm, Thành Phố Hà Nội",Unknown,434,https://ss3.4sqi.net/img/categories_v2/food/diner_bg_64.png,NULL
125,Phở 10 Lý Quốc Sư,NULL,8:00 AM - 10:00 PM,Diner,"Breakfast, Lunch, Dinner",5.0,1,"10 Lý Quốc Sư (Chân Cầm), Hoàn Kiếm, Thành Phố Hà Nội",Unknown,435,https://ss3.4sqi.net/img/categories_v2/food/diner_bg_64.png,NULL
126,Bánh Mì 25 - Hàng Cá,NULL,8:00 AM - 10:00 PM,Sandwich Spot,"Breakfast, Lunch, Dinner",5.0,1,"25 Hàng Cá (Thuốc Bắc), Hoàn Kiếm, Thành Phố Hà Nội",Unknown,436,https://ss3.4sqi.net/img/categories_v2/food/deli_bg_64.png,NULL
127,Cộng Caphe - Nhà Thờ,NULL,8:00 AM - 10:00 PM,Coffee Shop,"Breakfast, Lunch, Dinner",5.0,1,"27 Nhà Thờ (Nha Chung), Hà Nội, Thành Phố Hà Nội",Unknown,437,https://ss3.4sqi.net/img/categories_v2/food/coffeeshop_bg_64.png,NULL
128,Cà Phê Giảng,NULL,8:00 AM - 10:00 PM,Café,"Breakfast, Lunch, Dinner",5.0,1,"39 Nguyễn Hữu Huân, Hoàn Kiếm, Thành Phố Hà Nội",Unknown,438,https://ss3.4sqi.net/img/categories_v2/food/cafe_bg_64.png,NULL
129,Pizza 4Ps 11B Bảo Khánh,NULL,8:00 AM - 10:00 PM,Pizzeria,"Breakfast, Lunch, Dinner",5.0,1,"11B Bảo Khánh, Hà Nội, Thành Phố Hà Nội",Unknown,439,https://ss3.4sqi.net/img/categories_v2/food/pizza_bg_64.png,NULL
130,Hidden Gem Coffee,NULL,8:00 AM - 10:00 PM,Coffee Shop,"Breakfast, Lunch, Dinner",5.0,1,"3B Hàng Tre, Hà Nội, Thành Phố Hà Nội",Unknown,440,https://ss3.4sqi.net/img/categories_v2/food/coffeeshop_bg_64.png,NULL
131,Phở Hòa Pasteur,NULL,8:00 AM - 10:00 PM,Vietnamese Restaurant,"Breakfast, Lunch, Dinner",5.0,1,"260C Pasteur, Thành phố Hồ Chí Minh",Unknown,471,https://ss3.4sqi.net/img/categories_v2/food/vietnamese_bg_64.png,NULL
132,Pizza 4P's,NULL,8:00 AM - 10:00 PM,Pizzeria,"Breakfast, Lunch, Dinner",5.0,1,"8 Thủ Khoa Huân, Hồ Chí Minh, Thành phố Hồ Chí Minh, Thành phố Hồ Chí Minh",Unknown,472,https://ss3.4sqi.net/img/categories_v2/food/pizza_bg_64.png,NULL
133,Heart Of Darkness,NULL,8:00 AM - 10:00 PM,Dive Bar,"Breakfast, Lunch, Dinner",5.0,1,"31D Ly Tu Trong, Thành phố Hồ Chí Minh, Thành phố Hồ Chí Minh",Unknown,473,https://ss3.4sqi.net/img/categories_v2/nightlife/divebar_bg_64.png,NULL
134,Bếp Mẹ Ỉn,NULL,8:00 AM - 10:00 PM,Vietnamese Restaurant,"Breakfast, Lunch, Dinner",5.0,1,"136/9 Le Thanh Ton P. Ben Thanh, Q1, Thành phố Hồ Chí Minh, Thành phố Hồ Chí Minh",Unknown,474,https://ss3.4sqi.net/img/categories_v2/food/vietnamese_bg_64.png,NULL
135,Cộng Cà Phê,NULL,8:00 AM - 10:00 PM,Café,"Breakfast, Lunch, Dinner",5.0,1,"26 Lý Tự Trọng, Thành phố Hồ Chí Minh, Thành phố Hồ Chí Minh",Unknown,475,https://ss3.4sqi.net/img/categories_v2/food/cafe_bg_64.png,NULL
136,Bánh Mì Huỳnh Hoa,NULL,8:00 AM - 10:00 PM,Bakery,"Breakfast, Lunch, Dinner",5.0,1,"26 Lê Thị Riêng, Thành phố Hồ Chí Minh, Thành phố Hồ Chí Minh",Unknown,476,https://ss3.4sqi.net/img/categories_v2/food/bakery_bg_64.png,NULL
137,The Racha Room - Món Thái,NULL,8:00 AM - 10:00 PM,Thai Restaurant,"Breakfast, Lunch, Dinner",5.0,1,"12 - 14 Mạc Thị Bưởi (hai ba trung), Thành phố Hồ Chí Minh, Thành phố Hồ Chí Minh",Unknown,477,https://ss3.4sqi.net/img/categories_v2/food/thai_bg_64.png,NULL
138,Bánh Mì Hông Hoa,NULL,8:00 AM - 10:00 PM,Sandwich Spot,"Breakfast, Lunch, Dinner",5.0,1,"62 Nguyen Van Trang, Thành phố Hồ Chí Minh, Thành phố Hồ Chí Minh",Unknown,478,https://ss3.4sqi.net/img/categories_v2/food/deli_bg_64.png,NULL
139,Nhà Hàng Hoa Túc,NULL,8:00 AM - 10:00 PM,Vietnamese Restaurant,"Breakfast, Lunch, Dinner",5.0,1,"74 Hai Bà Trưng, Thành phố Hồ Chí Minh, Thành phố Hồ Chí Minh",Unknown,479,https://ss3.4sqi.net/img/categories_v2/food/vietnamese_bg_64.png,NULL
140,Quán Mì Cật,NULL,8:00 AM - 10:00 PM,Noodle Restaurant,"Breakfast, Lunch, Dinner",5.0,1,"62 Truong Dinh St., Dist. 1 (Trương Định - Lý Tự Trọng), Thành phố Hồ Chí Minh, Thành phố Hồ Chí Minh",Unknown,480,https://ss3.4sqi.net/img/categories_v2/food/ramen_bg_64.png,NULL
141,Pizza 4P's Hoang Van Thu,NULL,8:00 AM - 10:00 PM,Pizzeria,"Breakfast, Lunch, Dinner",5.0,1,"8 Hoang Van Thu, Đà Nẵng, Thành Phố Đà Nẵng",Unknown,511,https://ss3.4sqi.net/img/categories_v2/food/pizza_bg_64.png,NULL
142,Cộng Càphê,NULL,8:00 AM - 10:00 PM,Coffee Shop,"Breakfast, Lunch, Dinner",5.0,1,"96-98 Bạch Đằng, Đà Nẵng, Thành Phố Đà Nẵng",Unknown,512,https://ss3.4sqi.net/img/categories_v2/food/coffeeshop_bg_64.png,NULL
143,Mì AA - Happy Bread,NULL,8:00 AM - 10:00 PM,Sandwich Spot,"Breakfast, Lunch, Dinner",5.0,1,"14 Hùng Vương, Đà Nẵng, Thành Phố Đà Nẵng",Unknown,513,https://ss3.4sqi.net/img/categories_v2/food/deli_bg_64.png,NULL
144,Luna Pub,NULL,8:00 AM - 10:00 PM,Bar,"Breakfast, Lunch, Dinner",5.0,1,"9 Trần Phú, Đà Nẵng, Thành Phố Đà Nẵng",Unknown,514,https://ss3.4sqi.net/img/categories_v2/nightlife/pub_bg_64.png,NULL
145,Madame Lân Restaurant,NULL,8:00 AM - 10:00 PM,Vietnamese Restaurant,"Breakfast, Lunch, Dinner",5.0,1,"4 Bạch Đằng, Thạch Thang, Hải Châu, Thạch Thang Hải Châu Đà Nẵng 550000, Vi﻿etnam, Hải Châu, Thành Phố Đà Nẵng",Unknown,515,https://ss3.4sqi.net/img/categories_v2/food/vietnamese_bg_64.png,NULL
146,Phở Bắc Hải,NULL,8:00 AM - 10:00 PM,Noodle Restaurant,"Breakfast, Lunch, Dinner",5.0,1,"185, Trần Phú, Thành Phố Đà Nẵng",Unknown,516,https://ss3.4sqi.net/img/categories_v2/food/ramen_bg_64.png,NULL
147,Bếp Hên,NULL,8:00 AM - 10:00 PM,Diner,"Breakfast, Lunch, Dinner",5.0,1,Thành Phố Đà Nẵng,Unknown,517,https://ss3.4sqi.net/img/categories_v2/food/diner_bg_64.png,NULL
148,Boulevard Gelato & Coffee,NULL,8:00 AM - 10:00 PM,Coffee Shop,"Breakfast, Lunch, Dinner",5.0,1,"77 Trần Quốc Toản, Hải Châu﻿ 1, Hải Châu, Đà Nẵng 550000",Unknown,518,https://ss3.4sqi.net/img/categories_v2/food/coffeeshop_bg_64.png,NULL
149,Burger Bros,NULL,8:00 AM - 10:00 PM,Burger Joint,"Breakfast, Lunch, Dinner",5.0,1,"18 An Thượng 4, Đà Nẵng, Thành Phố Đà Nẵng",Unknown,519,https://ss3.4sqi.net/img/categories_v2/food/burger_bg_64.png,NULL
150,L' Italiano Restaurant,NULL,8:00 AM - 10:00 PM,Italian Restaurant,"Breakfast, Lunch, Dinner",5.0,1,"An Thuong 30 My An, Ngu Hanh Son, Thành Phố Đà Nẵng",Unknown,520,https://ss3.4sqi.net/img/categories_v2/food/italian_bg_64.png,NULL
151,Pasteur Street Brewing Company,NULL,8:00 AM - 10:00 PM,Brewery,"Breakfast, Lunch, Dinner",5.0,1,"Hà Nội, Thành Phố Hà Nội",Unknown,551,https://ss3.4sqi.net/img/categories_v2/food/brewery_bg_64.png,NULL
152,Duong's 2 Restaurant & Cooking Class,NULL,8:00 AM - 10:00 PM,Vietnamese Restaurant,"Breakfast, Lunch, Dinner",5.0,1,"101 Ma May Street., Hoàn Kiếm, Thành Phố Hà Nội",Unknown,552,https://ss3.4sqi.net/img/categories_v2/food/vietnamese_bg_64.png,NULL
153,Bánh Cuốn Bà Hoành - Tô Hiến Thành,NULL,8:00 AM - 10:00 PM,Diner,"Breakfast, Lunch, Dinner",5.0,1,"66 Tô Hiến Thành (Bùi Thị Xuân), Hai Bà Trưng, Thành Phố Hà Nội",Unknown,553,https://ss3.4sqi.net/img/categories_v2/food/diner_bg_64.png,NULL
154,Chả Cá Thăng Long,NULL,8:00 AM - 10:00 PM,Diner,"Breakfast, Lunch, Dinner",5.0,1,"31, Đường Thành (Hàng Điếu), Hoàn Kiếm, Thành Phố Hà Nội",Unknown,554,https://ss3.4sqi.net/img/categories_v2/food/diner_bg_64.png,NULL
155,Phở 10 Lý Quốc Sư,NULL,8:00 AM - 10:00 PM,Diner,"Breakfast, Lunch, Dinner",5.0,1,"10 Lý Quốc Sư (Chân Cầm), Hoàn Kiếm, Thành Phố Hà Nội",Unknown,555,https://ss3.4sqi.net/img/categories_v2/food/diner_bg_64.png,NULL
156,Bánh Mì 25 - Hàng Cá,NULL,8:00 AM - 10:00 PM,Sandwich Spot,"Breakfast, Lunch, Dinner",5.0,1,"25 Hàng Cá (Thuốc Bắc), Hoàn Kiếm, Thành Phố Hà Nội",Unknown,556,https://ss3.4sqi.net/img/categories_v2/food/deli_bg_64.png,NULL
157,Cộng Caphe - Nhà Thờ,NULL,8:00 AM - 10:00 PM,Coffee Shop,"Breakfast, Lunch, Dinner",5.0,1,"27 Nhà Thờ (Nha Chung), Hà Nội, Thành Phố Hà Nội",Unknown,557,https://ss3.4sqi.net/img/categories_v2/food/coffeeshop_bg_64.png,NULL
158,Cà Phê Giảng,NULL,8:00 AM - 10:00 PM,Café,"Breakfast, Lunch, Dinner",5.0,1,"39 Nguyễn Hữu Huân, Hoàn Kiếm, Thành Phố Hà Nội",Unknown,558,https://ss3.4sqi.net/img/categories_v2/food/cafe_bg_64.png,NULL
159,Pizza 4Ps 11B Bảo Khánh,NULL,8:00 AM - 10:00 PM,Pizzeria,"Breakfast, Lunch, Dinner",5.0,1,"11B Bảo Khánh, Hà Nội, Thành Phố Hà Nội",Unknown,559,https://ss3.4sqi.net/img/categories_v2/food/pizza_bg_64.png,NULL
160,Hidden Gem Coffee,NULL,8:00 AM - 10:00 PM,Coffee Shop,"Breakfast, Lunch, Dinner",5.0,1,"3B Hàng Tre, Hà Nội, Thành Phố Hà Nội",Unknown,560,https://ss3.4sqi.net/img/categories_v2/food/coffeeshop_bg_64.png,NULL
161,Phở Hòa Pasteur,NULL,8:00 AM - 10:00 PM,Vietnamese Restaurant,"Breakfast, Lunch, Dinner",5.0,1,"260C Pasteur, Thành phố Hồ Chí Minh",Unknown,591,https://ss3.4sqi.net/img/categories_v2/food/vietnamese_bg_64.png,NULL
162,Pizza 4P's,NULL,8:00 AM - 10:00 PM,Pizzeria,"Breakfast, Lunch, Dinner",5.0,1,"8 Thủ Khoa Huân, Hồ Chí Minh, Thành phố Hồ Chí Minh, Thành phố Hồ Chí Minh",Unknown,592,https://ss3.4sqi.net/img/categories_v2/food/pizza_bg_64.png,NULL
163,Heart Of Darkness,NULL,8:00 AM - 10:00 PM,Dive Bar,"Breakfast, Lunch, Dinner",5.0,1,"31D Ly Tu Trong, Thành phố Hồ Chí Minh, Thành phố Hồ Chí Minh",Unknown,593,https://ss3.4sqi.net/img/categories_v2/nightlife/divebar_bg_64.png,NULL
164,Bếp Mẹ Ỉn,NULL,8:00 AM - 10:00 PM,Vietnamese Restaurant,"Breakfast, Lunch, Dinner",5.0,1,"136/9 Le Thanh Ton P. Ben Thanh, Q1, Thành phố Hồ Chí Minh, Thành phố Hồ Chí Minh",Unknown,594,https://ss3.4sqi.net/img/categories_v2/food/vietnamese_bg_64.png,NULL
165,Cộng Cà Phê,NULL,8:00 AM - 10:00 PM,Café,"Breakfast, Lunch, Dinner",5.0,1,"26 Lý Tự Trọng, Thành phố Hồ Chí Minh, Thành phố Hồ Chí Minh",Unknown,595,https://ss3.4sqi.net/img/categories_v2/food/cafe_bg_64.png,NULL
166,Bánh Mì Huỳnh Hoa,NULL,8:00 AM - 10:00 PM,Bakery,"Breakfast, Lunch, Dinner",5.0,1,"26 Lê Thị Riêng, Thành phố Hồ Chí Minh, Thành phố Hồ Chí Minh",Unknown,596,https://ss3.4sqi.net/img/categories_v2/food/bakery_bg_64.png,NULL
167,The Racha Room - Món Thái,NULL,8:00 AM - 10:00 PM,Thai Restaurant,"Breakfast, Lunch, Dinner",5.0,1,"12 - 14 Mạc Thị Bưởi (hai ba trung), Thành phố Hồ Chí Minh, Thành phố Hồ Chí Minh",Unknown,597,https://ss3.4sqi.net/img/categories_v2/food/thai_bg_64.png,NULL
168,Bánh Mì Hông Hoa,NULL,8:00 AM - 10:00 PM,Sandwich Spot,"Breakfast, Lunch, Dinner",5.0,1,"62 Nguyen Van Trang, Thành phố Hồ Chí Minh, Thành phố Hồ Chí Minh",Unknown,598,https://ss3.4sqi.net/img/categories_v2/food/deli_bg_64.png,NULL
169,Nhà Hàng Hoa Túc,NULL,8:00 AM - 10:00 PM,Vietnamese Restaurant,"Breakfast, Lunch, Dinner",5.0,1,"74 Hai Bà Trưng, Thành phố Hồ Chí Minh, Thành phố Hồ Chí Minh",Unknown,599,https://ss3.4sqi.net/img/categories_v2/food/vietnamese_bg_64.png,NULL
170,Quán Mì Cật,NULL,8:00 AM - 10:00 PM,Noodle Restaurant,"Breakfast, Lunch, Dinner",5.0,1,"62 Truong Dinh St., Dist. 1 (Trương Định - Lý Tự Trọng), Thành phố Hồ Chí Minh, Thành phố Hồ Chí Minh",Unknown,600,https://ss3.4sqi.net/img/categories_v2/food/ramen_bg_64.png,NULL
171,Pizza 4P's Hoang Van Thu,NULL,8:00 AM - 10:00 PM,Pizzeria,"Breakfast, Lunch, Dinner",5.0,1,"8 Hoang Van Thu, Đà Nẵng, Thành Phố Đà Nẵng",Unknown,631,https://ss3.4sqi.net/img/categories_v2/food/pizza_bg_64.png,NULL
172,Cộng Càphê,NULL,8:00 AM - 10:00 PM,Coffee Shop,"Breakfast, Lunch, Dinner",5.0,1,"96-98 Bạch Đằng, Đà Nẵng, Thành Phố Đà Nẵng",Unknown,632,https://ss3.4sqi.net/img/categories_v2/food/coffeeshop_bg_64.png,NULL
173,Mì AA - Happy Bread,NULL,8:00 AM - 10:00 PM,Sandwich Spot,"Breakfast, Lunch, Dinner",5.0,1,"14 Hùng Vương, Đà Nẵng, Thành Phố Đà Nẵng",Unknown,633,https://ss3.4sqi.net/img/categories_v2/food/deli_bg_64.png,NULL
174,Luna Pub,NULL,8:00 AM - 10:00 PM,Bar,"Breakfast, Lunch, Dinner",5.0,1,"9 Trần Phú, Đà Nẵng, Thành Phố Đà Nẵng",Unknown,634,https://ss3.4sqi.net/img/categories_v2/nightlife/pub_bg_64.png,NULL
175,Madame Lân Restaurant,NULL,8:00 AM - 10:00 PM,Vietnamese Restaurant,"Breakfast, Lunch, Dinner",5.0,1,"4 Bạch Đằng, Thạch Thang, Hải Châu, Thạch Thang Hải Châu Đà Nẵng 550000, Vi﻿etnam, Hải Châu, Thành Phố Đà Nẵng",Unknown,635,https://ss3.4sqi.net/img/categories_v2/food/vietnamese_bg_64.png,NULL
176,Phở Bắc Hải,NULL,8:00 AM - 10:00 PM,Noodle Restaurant,"Breakfast, Lunch, Dinner",5.0,1,"185, Trần Phú, Thành Phố Đà Nẵng",Unknown,636,https://ss3.4sqi.net/img/categories_v2/food/ramen_bg_64.png,NULL
177,Bếp Hên,NULL,8:00 AM - 10:00 PM,Diner,"Breakfast, Lunch, Dinner",5.0,1,Thành Phố Đà Nẵng,Unknown,637,https://ss3.4sqi.net/img/categories_v2/food/diner_bg_64.png,NULL
178,Boulevard Gelato & Coffee,NULL,8:00 AM - 10:00 PM,Coffee Shop,"Breakfast, Lunch, Dinner",5.0,1,"77 Trần Quốc Toản, Hải Châu﻿ 1, Hải Châu, Đà Nẵng 550000",Unknown,638,https://ss3.4sqi.net/img/categories_v2/food/coffeeshop_bg_64.png,NULL
179,Burger Bros,NULL,8:00 AM - 10:00 PM,Burger Joint,"Breakfast, Lunch, Dinner",5.0,1,"18 An Thượng 4, Đà Nẵng, Thành Phố Đà Nẵng",Unknown,639,https://ss3.4sqi.net/img/categories_v2/food/burger_bg_64.png,NULL
180,L' Italiano Restaurant,NULL,8:00 AM - 10:00 PM,Italian Restaurant,"Breakfast, Lunch, Dinner",5.0,1,"An Thuong 30 My An, Ngu Hanh Son, Thành Phố Đà Nẵng",Unknown,640,https://ss3.4sqi.net/img/categories_v2/food/italian_bg_64.png,NULL
181,Pasteur Street Brewing Company,NULL,8:00 AM - 10:00 PM,Brewery,"Breakfast, Lunch, Dinner",5.0,1,"Hà Nội, Thành Phố Hà Nội",Unknown,671,https://ss3.4sqi.net/img/categories_v2/food/brewery_bg_64.png,NULL
182,Duong's 2 Restaurant & Cooking Class,NULL,8:00 AM - 10:00 PM,Vietnamese Restaurant,"Breakfast, Lunch, Dinner",5.0,1,"101 Ma May Street., Hoàn Kiếm, Thành Phố Hà Nội",Unknown,672,https://ss3.4sqi.net/img/categories_v2/food/vietnamese_bg_64.png,NULL
183,Bánh Cuốn Bà Hoành - Tô Hiến Thành,NULL,8:00 AM - 10:00 PM,Diner,"Breakfast, Lunch, Dinner",5.0,1,"66 Tô Hiến Thành (Bùi Thị Xuân), Hai Bà Trưng, Thành Phố Hà Nội",Unknown,673,https://ss3.4sqi.net/img/categories_v2/food/diner_bg_64.png,NULL
184,Chả Cá Thăng Long,NULL,8:00 AM - 10:00 PM,Diner,"Breakfast, Lunch, Dinner",5.0,1,"31, Đường Thành (Hàng Điếu), Hoàn Kiếm, Thành Phố Hà Nội",Unknown,674,https://ss3.4sqi.net/img/categories_v2/food/diner_bg_64.png,NULL
185,Phở 10 Lý Quốc Sư,NULL,8:00 AM - 10:00 PM,Diner,"Breakfast, Lunch, Dinner",5.0,1,"10 Lý Quốc Sư (Chân Cầm), Hoàn Kiếm, Thành Phố Hà Nội",Unknown,675,https://ss3.4sqi.net/img/categories_v2/food/diner_bg_64.png,NULL
186,Bánh Mì 25 - Hàng Cá,NULL,8:00 AM - 10:00 PM,Sandwich Spot,"Breakfast, Lunch, Dinner",5.0,1,"25 Hàng Cá (Thuốc Bắc), Hoàn Kiếm, Thành Phố Hà Nội",Unknown,676,https://ss3.4sqi.net/img/categories_v2/food/deli_bg_64.png,NULL
187,Cộng Caphe - Nhà Thờ,NULL,8:00 AM - 10:00 PM,Coffee Shop,"Breakfast, Lunch, Dinner",5.0,1,"27 Nhà Thờ (Nha Chung), Hà Nội, Thành Phố Hà Nội",Unknown,677,https://ss3.4sqi.net/img/categories_v2/food/coffeeshop_bg_64.png,NULL
188,Cà Phê Giảng,NULL,8:00 AM - 10:00 PM,Café,"Breakfast, Lunch, Dinner",5.0,1,"39 Nguyễn Hữu Huân, Hoàn Kiếm, Thành Phố Hà Nội",Unknown,678,https://ss3.4sqi.net/img/categories_v2/food/cafe_bg_64.png,NULL
189,Pizza 4Ps 11B Bảo Khánh,NULL,8:00 AM - 10:00 PM,Pizzeria,"Breakfast, Lunch, Dinner",5.0,1,"11B Bảo Khánh, Hà Nội, Thành Phố Hà Nội",Unknown,679,https://ss3.4sqi.net/img/categories_v2/food/pizza_bg_64.png,NULL
190,Hidden Gem Coffee,NULL,8:00 AM - 10:00 PM,Coffee Shop,"Breakfast, Lunch, Dinner",5.0,1,"3B Hàng Tre, Hà Nội, Thành Phố Hà Nội",Unknown,680,https://ss3.4sqi.net/img/categories_v2/food/coffeeshop_bg_64.png,NULL
191,Phở Hòa Pasteur,NULL,8:00 AM - 10:00 PM,Vietnamese Restaurant,"Breakfast, Lunch, Dinner",5.0,1,"260C Pasteur, Thành phố Hồ Chí Minh",Unknown,711,https://ss3.4sqi.net/img/categories_v2/food/vietnamese_bg_64.png,NULL
192,Pizza 4P's,NULL,8:00 AM - 10:00 PM,Pizzeria,"Breakfast, Lunch, Dinner",5.0,1,"8 Thủ Khoa Huân, Hồ Chí Minh, Thành phố Hồ Chí Minh, Thành phố Hồ Chí Minh",Unknown,712,https://ss3.4sqi.net/img/categories_v2/food/pizza_bg_64.png,NULL
193,Heart Of Darkness,NULL,8:00 AM - 10:00 PM,Dive Bar,"Breakfast, Lunch, Dinner",5.0,1,"31D Ly Tu Trong, Thành phố Hồ Chí Minh, Thành phố Hồ Chí Minh",Unknown,713,https://ss3.4sqi.net/img/categories_v2/nightlife/divebar_bg_64.png,NULL
194,Bếp Mẹ Ỉn,NULL,8:00 AM - 10:00 PM,Vietnamese Restaurant,"Breakfast, Lunch, Dinner",5.0,1,"136/9 Le Thanh Ton P. Ben Thanh, Q1, Thành phố Hồ Chí Minh, Thành phố Hồ Chí Minh",Unknown,714,https://ss3.4sqi.net/img/categories_v2/food/vietnamese_bg_64.png,NULL
195,Cộng Cà Phê,NULL,8:00 AM - 10:00 PM,Café,"Breakfast, Lunch, Dinner",5.0,1,"26 Lý Tự Trọng, Thành phố Hồ Chí Minh, Thành phố Hồ Chí Minh",Unknown,715,https://ss3.4sqi.net/img/categories_v2/food/cafe_bg_64.png,NULL
196,Bánh Mì Huỳnh Hoa,NULL,8:00 AM - 10:00 PM,Bakery,"Breakfast, Lunch, Dinner",5.0,1,"26 Lê Thị Riêng, Thành phố Hồ Chí Minh, Thành phố Hồ Chí Minh",Unknown,716,https://ss3.4sqi.net/img/categories_v2/food/bakery_bg_64.png,NULL
197,The Racha Room - Món Thái,NULL,8:00 AM - 10:00 PM,Thai Restaurant,"Breakfast, Lunch, Dinner",5.0,1,"12 - 14 Mạc Thị Bưởi (hai ba trung), Thành phố Hồ Chí Minh, Thành phố Hồ Chí Minh",Unknown,717,https://ss3.4sqi.net/img/categories_v2/food/thai_bg_64.png,NULL
198,Bánh Mì Hông Hoa,NULL,8:00 AM - 10:00 PM,Sandwich Spot,"Breakfast, Lunch, Dinner",5.0,1,"62 Nguyen Van Trang, Thành phố Hồ Chí Minh, Thành phố Hồ Chí Minh",Unknown,718,https://ss3.4sqi.net/img/categories_v2/food/deli_bg_64.png,NULL
199,Nhà Hàng Hoa Túc,NULL,8:00 AM - 10:00 PM,Vietnamese Restaurant,"Breakfast, Lunch, Dinner",5.0,1,"74 Hai Bà Trưng, Thành phố Hồ Chí Minh, Thành phố Hồ Chí Minh",Unknown,719,https://ss3.4sqi.net/img/categories_v2/food/vietnamese_bg_64.png,NULL
200,Quán Mì Cật,NULL,8:00 AM - 10:00 PM,Noodle Restaurant,"Breakfast, Lunch, Dinner",5.0,1,"62 Truong Dinh St., Dist. 1 (Trương Định - Lý Tự Trọng), Thành phố Hồ Chí Minh, Thành phố Hồ Chí Minh",Unknown,720,https://ss3.4sqi.net/img/categories_v2/food/ramen_bg_64.png,NULL
201,Pizza 4P's Hoang Van Thu,NULL,8:00 AM - 10:00 PM,Pizzeria,"Breakfast, Lunch, Dinner",5.0,1,"8 Hoang Van Thu, Đà Nẵng, Thành Phố Đà Nẵng",Unknown,751,https://ss3.4sqi.net/img/categories_v2/food/pizza_bg_64.png,NULL
202,Cộng Càphê,NULL,8:00 AM - 10:00 PM,Coffee Shop,"Breakfast, Lunch, Dinner",5.0,1,"96-98 Bạch Đằng, Đà Nẵng, Thành Phố Đà Nẵng",Unknown,752,https://ss3.4sqi.net/img/categories_v2/food/coffeeshop_bg_64.png,NULL
203,Mì AA - Happy Bread,NULL,8:00 AM - 10:00 PM,Sandwich Spot,"Breakfast, Lunch, Dinner",5.0,1,"14 Hùng Vương, Đà Nẵng, Thành Phố Đà Nẵng",Unknown,753,https://ss3.4sqi.net/img/categories_v2/food/deli_bg_64.png,NULL
204,Luna Pub,NULL,8:00 AM - 10:00 PM,Bar,"Breakfast, Lunch, Dinner",5.0,1,"9 Trần Phú, Đà Nẵng, Thành Phố Đà Nẵng",Unknown,754,https://ss3.4sqi.net/img/categories_v2/nightlife/pub_bg_64.png,NULL
205,Madame Lân Restaurant,NULL,8:00 AM - 10:00 PM,Vietnamese Restaurant,"Breakfast, Lunch, Dinner",5.0,1,"4 Bạch Đằng, Thạch Thang, Hải Châu, Thạch Thang Hải Châu Đà Nẵng 550000, Vi﻿etnam, Hải Châu, Thành Phố Đà Nẵng",Unknown,755,https://ss3.4sqi.net/img/categories_v2/food/vietnamese_bg_64.png,NULL
206,Phở Bắc Hải,NULL,8:00 AM - 10:00 PM,Noodle Restaurant,"Breakfast, Lunch, Dinner",5.0,1,"185, Trần Phú, Thành Phố Đà Nẵng",Unknown,756,https://ss3.4sqi.net/img/categories_v2/food/ramen_bg_64.png,NULL
207,Bếp Hên,NULL,8:00 AM - 10:00 PM,Diner,"Breakfast, Lunch, Dinner",5.0,1,Thành Phố Đà Nẵng,Unknown,757,https://ss3.4sqi.net/img/categories_v2/food/diner_bg_64.png,NULL
208,Boulevard Gelato & Coffee,NULL,8:00 AM - 10:00 PM,Coffee Shop,"Breakfast, Lunch, Dinner",5.0,1,"77 Trần Quốc Toản, Hải Châu﻿ 1, Hải Châu, Đà Nẵng 550000",Unknown,758,https://ss3.4sqi.net/img/categories_v2/food/coffeeshop_bg_64.png,NULL
209,Burger Bros,NULL,8:00 AM - 10:00 PM,Burger Joint,"Breakfast, Lunch, Dinner",5.0,1,"18 An Thượng 4, Đà Nẵng, Thành Phố Đà Nẵng",Unknown,759,https://ss3.4sqi.net/img/categories_v2/food/burger_bg_64.png,NULL
210,L' Italiano Restaurant,NULL,8:00 AM - 10:00 PM,Italian Restaurant,"Breakfast, Lunch, Dinner",5.0,1,"An Thuong 30 My An, Ngu Hanh Son, Thành Phố Đà Nẵng",Unknown,760,https://ss3.4sqi.net/img/categories_v2/food/italian_bg_64.png,NULL
211,Pasteur Street Brewing Company,NULL,8:00 AM - 10:00 PM,Brewery,"Breakfast, Lunch, Dinner",5.0,1,"Hà Nội, Thành Phố Hà Nội",Unknown,791,https://ss3.4sqi.net/img/categories_v2/food/brewery_bg_64.png,NULL
212,Duong's 2 Restaurant & Cooking Class,NULL,8:00 AM - 10:00 PM,Vietnamese Restaurant,"Breakfast, Lunch, Dinner",5.0,1,"101 Ma May Street., Hoàn Kiếm, Thành Phố Hà Nội",Unknown,792,https://ss3.4sqi.net/img/categories_v2/food/vietnamese_bg_64.png,NULL
213,Bánh Cuốn Bà Hoành - Tô Hiến Thành,NULL,8:00 AM - 10:00 PM,Diner,"Breakfast, Lunch, Dinner",5.0,1,"66 Tô Hiến Thành (Bùi Thị Xuân), Hai Bà Trưng, Thành Phố Hà Nội",Unknown,793,https://ss3.4sqi.net/img/categories_v2/food/diner_bg_64.png,NULL
214,Chả Cá Thăng Long,NULL,8:00 AM - 10:00 PM,Diner,"Breakfast, Lunch, Dinner",5.0,1,"31, Đường Thành (Hàng Điếu), Hoàn Kiếm, Thành Phố Hà Nội",Unknown,794,https://ss3.4sqi.net/img/categories_v2/food/diner_bg_64.png,NULL
215,Phở 10 Lý Quốc Sư,NULL,8:00 AM - 10:00 PM,Diner,"Breakfast, Lunch, Dinner",5.0,1,"10 Lý Quốc Sư (Chân Cầm), Hoàn Kiếm, Thành Phố Hà Nội",Unknown,795,https://ss3.4sqi.net/img/categories_v2/food/diner_bg_64.png,NULL
216,Bánh Mì 25 - Hàng Cá,NULL,8:00 AM - 10:00 PM,Sandwich Spot,"Breakfast, Lunch, Dinner",5.0,1,"25 Hàng Cá (Thuốc Bắc), Hoàn Kiếm, Thành Phố Hà Nội",Unknown,796,https://ss3.4sqi.net/img/categories_v2/food/deli_bg_64.png,NULL
217,Cộng Caphe - Nhà Thờ,NULL,8:00 AM - 10:00 PM,Coffee Shop,"Breakfast, Lunch, Dinner",5.0,1,"27 Nhà Thờ (Nha Chung), Hà Nội, Thành Phố Hà Nội",Unknown,797,https://ss3.4sqi.net/img/categories_v2/food/coffeeshop_bg_64.png,NULL
218,Cà Phê Giảng,NULL,8:00 AM - 10:00 PM,Café,"Breakfast, Lunch, Dinner",5.0,1,"39 Nguyễn Hữu Huân, Hoàn Kiếm, Thành Phố Hà Nội",Unknown,798,https://ss3.4sqi.net/img/categories_v2/food/cafe_bg_64.png,NULL
219,Pizza 4Ps 11B Bảo Khánh,NULL,8:00 AM - 10:00 PM,Pizzeria,"Breakfast, Lunch, Dinner",5.0,1,"11B Bảo Khánh, Hà Nội, Thành Phố Hà Nội",Unknown,799,https://ss3.4sqi.net/img/categories_v2/food/pizza_bg_64.png,NULL
220,Hidden Gem Coffee,NULL,8:00 AM - 10:00 PM,Coffee Shop,"Breakfast, Lunch, Dinner",5.0,1,"3B Hàng Tre, Hà Nội, Thành Phố Hà Nội",Unknown,800,https://ss3.4sqi.net/img/categories_v2/food/coffeeshop_bg_64.png,NULL
221,Phở Hòa Pasteur,NULL,8:00 AM - 10:00 PM,Vietnamese Restaurant,"Breakfast, Lunch, Dinner",5.0,1,"260C Pasteur, Thành phố Hồ Chí Minh",Unknown,831,https://ss3.4sqi.net/img/categories_v2/food/vietnamese_bg_64.png,NULL
222,Pizza 4P's,NULL,8:00 AM - 10:00 PM,Pizzeria,"Breakfast, Lunch, Dinner",5.0,1,"8 Thủ Khoa Huân, Hồ Chí Minh, Thành phố Hồ Chí Minh, Thành phố Hồ Chí Minh",Unknown,832,https://ss3.4sqi.net/img/categories_v2/food/pizza_bg_64.png,NULL
223,Heart Of Darkness,NULL,8:00 AM - 10:00 PM,Dive Bar,"Breakfast, Lunch, Dinner",5.0,1,"31D Ly Tu Trong, Thành phố Hồ Chí Minh, Thành phố Hồ Chí Minh",Unknown,833,https://ss3.4sqi.net/img/categories_v2/nightlife/divebar_bg_64.png,NULL
224,Bếp Mẹ Ỉn,NULL,8:00 AM - 10:00 PM,Vietnamese Restaurant,"Breakfast, Lunch, Dinner",5.0,1,"136/9 Le Thanh Ton P. Ben Thanh, Q1, Thành phố Hồ Chí Minh, Thành phố Hồ Chí Minh",Unknown,834,https://ss3.4sqi.net/img/categories_v2/food/vietnamese_bg_64.png,NULL
225,Cộng Cà Phê,NULL,8:00 AM - 10:00 PM,Café,"Breakfast, Lunch, Dinner",5.0,1,"26 Lý Tự Trọng, Thành phố Hồ Chí Minh, Thành phố Hồ Chí Minh",Unknown,835,https://ss3.4sqi.net/img/categories_v2/food/cafe_bg_64.png,NULL
226,Bánh Mì Huỳnh Hoa,NULL,8:00 AM - 10:00 PM,Bakery,"Breakfast, Lunch, Dinner",5.0,1,"26 Lê Thị Riêng, Thành phố Hồ Chí Minh, Thành phố Hồ Chí Minh",Unknown,836,https://ss3.4sqi.net/img/categories_v2/food/bakery_bg_64.png,NULL
227,The Racha Room - Món Thái,NULL,8:00 AM - 10:00 PM,Thai Restaurant,"Breakfast, Lunch, Dinner",5.0,1,"12 - 14 Mạc Thị Bưởi (hai ba trung), Thành phố Hồ Chí Minh, Thành phố Hồ Chí Minh",Unknown,837,https://ss3.4sqi.net/img/categories_v2/food/thai_bg_64.png,NULL
228,Bánh Mì Hông Hoa,NULL,8:00 AM - 10:00 PM,Sandwich Spot,"Breakfast, Lunch, Dinner",5.0,1,"62 Nguyen Van Trang, Thành phố Hồ Chí Minh, Thành phố Hồ Chí Minh",Unknown,838,https://ss3.4sqi.net/img/categories_v2/food/deli_bg_64.png,NULL
229,Nhà Hàng Hoa Túc,NULL,8:00 AM - 10:00 PM,Vietnamese Restaurant,"Breakfast, Lunch, Dinner",5.0,1,"74 Hai Bà Trưng, Thành phố Hồ Chí Minh, Thành phố Hồ Chí Minh",Unknown,839,https://ss3.4sqi.net/img/categories_v2/food/vietnamese_bg_64.png,NULL
230,Quán Mì Cật,NULL,8:00 AM - 10:00 PM,Noodle Restaurant,"Breakfast, Lunch, Dinner",5.0,1,"62 Truong Dinh St., Dist. 1 (Trương Định - Lý Tự Trọng), Thành phố Hồ Chí Minh, Thành phố Hồ Chí Minh",Unknown,840,https://ss3.4sqi.net/img/categories_v2/food/ramen_bg_64.png,NULL
231,Pizza 4P's Hoang Van Thu,NULL,8:00 AM - 10:00 PM,Pizzeria,"Breakfast, Lunch, Dinner",5.0,1,"8 Hoang Van Thu, Đà Nẵng, Thành Phố Đà Nẵng",Unknown,871,https://ss3.4sqi.net/img/categories_v2/food/pizza_bg_64.png,NULL
232,Cộng Càphê,NULL,8:00 AM - 10:00 PM,Coffee Shop,"Breakfast, Lunch, Dinner",5.0,1,"96-98 Bạch Đằng, Đà Nẵng, Thành Phố Đà Nẵng",Unknown,872,https://ss3.4sqi.net/img/categories_v2/food/coffeeshop_bg_64.png,NULL
233,Mì AA - Happy Bread,NULL,8:00 AM - 10:00 PM,Sandwich Spot,"Breakfast, Lunch, Dinner",5.0,1,"14 Hùng Vương, Đà Nẵng, Thành Phố Đà Nẵng",Unknown,873,https://ss3.4sqi.net/img/categories_v2/food/deli_bg_64.png,NULL
234,Luna Pub,NULL,8:00 AM - 10:00 PM,Bar,"Breakfast, Lunch, Dinner",5.0,1,"9 Trần Phú, Đà Nẵng, Thành Phố Đà Nẵng",Unknown,874,https://ss3.4sqi.net/img/categories_v2/nightlife/pub_bg_64.png,NULL
235,Madame Lân Restaurant,NULL,8:00 AM - 10:00 PM,Vietnamese Restaurant,"Breakfast, Lunch, Dinner",5.0,1,"4 Bạch Đằng, Thạch Thang, Hải Châu, Thạch Thang Hải Châu Đà Nẵng 550000, Vi﻿etnam, Hải Châu, Thành Phố Đà Nẵng",Unknown,875,https://ss3.4sqi.net/img/categories_v2/food/vietnamese_bg_64.png,NULL
236,Phở Bắc Hải,NULL,8:00 AM - 10:00 PM,Noodle Restaurant,"Breakfast, Lunch, Dinner",5.0,1,"185, Trần Phú, Thành Phố Đà Nẵng",Unknown,876,https://ss3.4sqi.net/img/categories_v2/food/ramen_bg_64.png,NULL
237,Bếp Hên,NULL,8:00 AM - 10:00 PM,Diner,"Breakfast, Lunch, Dinner",5.0,1,Thành Phố Đà Nẵng,Unknown,877,https://ss3.4sqi.net/img/categories_v2/food/diner_bg_64.png,NULL
238,Boulevard Gelato & Coffee,NULL,8:00 AM - 10:00 PM,Coffee Shop,"Breakfast, Lunch, Dinner",5.0,1,"77 Trần Quốc Toản, Hải Châu﻿ 1, Hải Châu, Đà Nẵng 550000",Unknown,878,https://ss3.4sqi.net/img/categories_v2/food/coffeeshop_bg_64.png,NULL
239,Burger Bros,NULL,8:00 AM - 10:00 PM,Burger Joint,"Breakfast, Lunch, Dinner",5.0,1,"18 An Thượng 4, Đà Nẵng, Thành Phố Đà Nẵng",Unknown,879,https://ss3.4sqi.net/img/categories_v2/food/burger_bg_64.png,NULL
240,L' Italiano Restaurant,NULL,8:00 AM - 10:00 PM,Italian Restaurant,"Breakfast, Lunch, Dinner",5.0,1,"An Thuong 30 My An, Ngu Hanh Son, Thành Phố Đà Nẵng",Unknown,880,https://ss3.4sqi.net/img/categories_v2/food/italian_bg_64.png,NULL
241,Pasteur Street Brewing Company,NULL,8:00 AM - 10:00 PM,Brewery,"Breakfast, Lunch, Dinner",5.0,1,"Hà Nội, Thành Phố Hà Nội",Unknown,911,https://ss3.4sqi.net/img/categories_v2/food/brewery_bg_64.png,NULL
242,Duong's 2 Restaurant & Cooking Class,NULL,8:00 AM - 10:00 PM,Vietnamese Restaurant,"Breakfast, Lunch, Dinner",5.0,1,"101 Ma May Street., Hoàn Kiếm, Thành Phố Hà Nội",Unknown,912,https://ss3.4sqi.net/img/categories_v2/food/vietnamese_bg_64.png,NULL
243,Bánh Cuốn Bà Hoành - Tô Hiến Thành,NULL,8:00 AM - 10:00 PM,Diner,"Breakfast, Lunch, Dinner",5.0,1,"66 Tô Hiến Thành (Bùi Thị Xuân), Hai Bà Trưng, Thành Phố Hà Nội",Unknown,913,https://ss3.4sqi.net/img/categories_v2/food/diner_bg_64.png,NULL
244,Chả Cá Thăng Long,NULL,8:00 AM - 10:00 PM,Diner,"Breakfast, Lunch, Dinner",5.0,1,"31, Đường Thành (Hàng Điếu), Hoàn Kiếm, Thành Phố Hà Nội",Unknown,914,https://ss3.4sqi.net/img/categories_v2/food/diner_bg_64.png,NULL
245,Phở 10 Lý Quốc Sư,NULL,8:00 AM - 10:00 PM,Diner,"Breakfast, Lunch, Dinner",5.0,1,"10 Lý Quốc Sư (Chân Cầm), Hoàn Kiếm, Thành Phố Hà Nội",Unknown,915,https://ss3.4sqi.net/img/categories_v2/food/diner_bg_64.png,NULL
246,Bánh Mì 25 - Hàng Cá,NULL,8:00 AM - 10:00 PM,Sandwich Spot,"Breakfast, Lunch, Dinner",5.0,1,"25 Hàng Cá (Thuốc Bắc), Hoàn Kiếm, Thành Phố Hà Nội",Unknown,916,https://ss3.4sqi.net/img/categories_v2/food/deli_bg_64.png,NULL
247,Cộng Caphe - Nhà Thờ,NULL,8:00 AM - 10:00 PM,Coffee Shop,"Breakfast, Lunch, Dinner",5.0,1,"27 Nhà Thờ (Nha Chung), Hà Nội, Thành Phố Hà Nội",Unknown,917,https://ss3.4sqi.net/img/categories_v2/food/coffeeshop_bg_64.png,NULL
248,Cà Phê Giảng,NULL,8:00 AM - 10:00 PM,Café,"Breakfast, Lunch, Dinner",5.0,1,"39 Nguyễn Hữu Huân, Hoàn Kiếm, Thành Phố Hà Nội",Unknown,918,https://ss3.4sqi.net/img/categories_v2/food/cafe_bg_64.png,NULL
249,Pizza 4Ps 11B Bảo Khánh,NULL,8:00 AM - 10:00 PM,Pizzeria,"Breakfast, Lunch, Dinner",5.0,1,"11B Bảo Khánh, Hà Nội, Thành Phố Hà Nội",Unknown,919,https://ss3.4sqi.net/img/categories_v2/food/pizza_bg_64.png,NULL
250,Hidden Gem Coffee,NULL,8:00 AM - 10:00 PM,Coffee Shop,"Breakfast, Lunch, Dinner",5.0,1,"3B Hàng Tre, Hà Nội, Thành Phố Hà Nội",Unknown,920,https://ss3.4sqi.net/img/categories_v2/food/coffeeshop_bg_64.png,NULL
251,Phở Hòa Pasteur,NULL,8:00 AM - 10:00 PM,Vietnamese Restaurant,"Breakfast, Lunch, Dinner",5.0,1,"260C Pasteur, Thành phố Hồ Chí Minh",Unknown,951,https://ss3.4sqi.net/img/categories_v2/food/vietnamese_bg_64.png,NULL
252,Pizza 4P's,NULL,8:00 AM - 10:00 PM,Pizzeria,"Breakfast, Lunch, Dinner",5.0,1,"8 Thủ Khoa Huân, Hồ Chí Minh, Thành phố Hồ Chí Minh, Thành phố Hồ Chí Minh",Unknown,952,https://ss3.4sqi.net/img/categories_v2/food/pizza_bg_64.png,NULL
253,Heart Of Darkness,NULL,8:00 AM - 10:00 PM,Dive Bar,"Breakfast, Lunch, Dinner",5.0,1,"31D Ly Tu Trong, Thành phố Hồ Chí Minh, Thành phố Hồ Chí Minh",Unknown,953,https://ss3.4sqi.net/img/categories_v2/nightlife/divebar_bg_64.png,NULL
254,Bếp Mẹ Ỉn,NULL,8:00 AM - 10:00 PM,Vietnamese Restaurant,"Breakfast, Lunch, Dinner",5.0,1,"136/9 Le Thanh Ton P. Ben Thanh, Q1, Thành phố Hồ Chí Minh, Thành phố Hồ Chí Minh",Unknown,954,https://ss3.4sqi.net/img/categories_v2/food/vietnamese_bg_64.png,NULL
255,Cộng Cà Phê,NULL,8:00 AM - 10:00 PM,Café,"Breakfast, Lunch, Dinner",5.0,1,"26 Lý Tự Trọng, Thành phố Hồ Chí Minh, Thành phố Hồ Chí Minh",Unknown,955,https://ss3.4sqi.net/img/categories_v2/food/cafe_bg_64.png,NULL
256,Bánh Mì Huỳnh Hoa,NULL,8:00 AM - 10:00 PM,Bakery,"Breakfast, Lunch, Dinner",5.0,1,"26 Lê Thị Riêng, Thành phố Hồ Chí Minh, Thành phố Hồ Chí Minh",Unknown,956,https://ss3.4sqi.net/img/categories_v2/food/bakery_bg_64.png,NULL
257,The Racha Room - Món Thái,NULL,8:00 AM - 10:00 PM,Thai Restaurant,"Breakfast, Lunch, Dinner",5.0,1,"12 - 14 Mạc Thị Bưởi (hai ba trung), Thành phố Hồ Chí Minh, Thành phố Hồ Chí Minh",Unknown,957,https://ss3.4sqi.net/img/categories_v2/food/thai_bg_64.png,NULL
258,Bánh Mì Hông Hoa,NULL,8:00 AM - 10:00 PM,Sandwich Spot,"Breakfast, Lunch, Dinner",5.0,1,"62 Nguyen Van Trang, Thành phố Hồ Chí Minh, Thành phố Hồ Chí Minh",Unknown,958,https://ss3.4sqi.net/img/categories_v2/food/deli_bg_64.png,NULL
259,Nhà Hàng Hoa Túc,NULL,8:00 AM - 10:00 PM,Vietnamese Restaurant,"Breakfast, Lunch, Dinner",5.0,1,"74 Hai Bà Trưng, Thành phố Hồ Chí Minh, Thành phố Hồ Chí Minh",Unknown,959,https://ss3.4sqi.net/img/categories_v2/food/vietnamese_bg_64.png,NULL
260,Quán Mì Cật,NULL,8:00 AM - 10:00 PM,Noodle Restaurant,"Breakfast, Lunch, Dinner",5.0,1,"62 Truong Dinh St., Dist. 1 (Trương Định - Lý Tự Trọng), Thành phố Hồ Chí Minh, Thành phố Hồ Chí Minh",Unknown,960,https://ss3.4sqi.net/img/categories_v2/food/ramen_bg_64.png,NULL
261,Pizza 4P's Hoang Van Thu,NULL,8:00 AM - 10:00 PM,Pizzeria,"Breakfast, Lunch, Dinner",5.0,1,"8 Hoang Van Thu, Đà Nẵng, Thành Phố Đà Nẵng",Unknown,991,https://ss3.4sqi.net/img/categories_v2/food/pizza_bg_64.png,NULL
262,Cộng Càphê,NULL,8:00 AM - 10:00 PM,Coffee Shop,"Breakfast, Lunch, Dinner",5.0,1,"96-98 Bạch Đằng, Đà Nẵng, Thành Phố Đà Nẵng",Unknown,992,https://ss3.4sqi.net/img/categories_v2/food/coffeeshop_bg_64.png,NULL
263,Mì AA - Happy Bread,NULL,8:00 AM - 10:00 PM,Sandwich Spot,"Breakfast, Lunch, Dinner",5.0,1,"14 Hùng Vương, Đà Nẵng, Thành Phố Đà Nẵng",Unknown,993,https://ss3.4sqi.net/img/categories_v2/food/deli_bg_64.png,NULL
264,Luna Pub,NULL,8:00 AM - 10:00 PM,Bar,"Breakfast, Lunch, Dinner",5.0,1,"9 Trần Phú, Đà Nẵng, Thành Phố Đà Nẵng",Unknown,994,https://ss3.4sqi.net/img/categories_v2/nightlife/pub_bg_64.png,NULL
265,Madame Lân Restaurant,NULL,8:00 AM - 10:00 PM,Vietnamese Restaurant,"Breakfast, Lunch, Dinner",5.0,1,"4 Bạch Đằng, Thạch Thang, Hải Châu, Thạch Thang Hải Châu Đà Nẵng 550000, Vi﻿etnam, Hải Châu, Thành Phố Đà Nẵng",Unknown,995,https://ss3.4sqi.net/img/categories_v2/food/vietnamese_bg_64.png,NULL
266,Phở Bắc Hải,NULL,8:00 AM - 10:00 PM,Noodle Restaurant,"Breakfast, Lunch, Dinner",5.0,1,"185, Trần Phú, Thành Phố Đà Nẵng",Unknown,996,https://ss3.4sqi.net/img/categories_v2/food/ramen_bg_64.png,NULL
267,Bếp Hên,NULL,8:00 AM - 10:00 PM,Diner,"Breakfast, Lunch, Dinner",5.0,1,Thành Phố Đà Nẵng,Unknown,997,https://ss3.4sqi.net/img/categories_v2/food/diner_bg_64.png,NULL
268,Boulevard Gelato & Coffee,NULL,8:00 AM - 10:00 PM,Coffee Shop,"Breakfast, Lunch, Dinner",5.0,1,"77 Trần Quốc Toản, Hải Châu﻿ 1, Hải Châu, Đà Nẵng 550000",Unknown,998,https://ss3.4sqi.net/img/categories_v2/food/coffeeshop_bg_64.png,NULL
269,Burger Bros,NULL,8:00 AM - 10:00 PM,Burger Joint,"Breakfast, Lunch, Dinner",5.0,1,"18 An Thượng 4, Đà Nẵng, Thành Phố Đà Nẵng",Unknown,999,https://ss3.4sqi.net/img/categories_v2/food/burger_bg_64.png,NULL
270,L' Italiano Restaurant,NULL,8:00 AM - 10:00 PM,Italian Restaurant,"Breakfast, Lunch, Dinner",5.0,1,"An Thuong 30 My An, Ngu Hanh Son, Thành Phố Đà Nẵng",Unknown,1000,https://ss3.4sqi.net/img/categories_v2/food/italian_bg_64.png,NULL
