1,Apricot Hotel,1,1000000.00,4,"Free Wifi, Breakfast included",Hotel,1,1,1,NULL,https://ss3.4sqi.net/img/categories_v2/travel/hotel_bg_64.png,NULL
2,Sofitel Legend Metropole Hanoi,2,1000000.00,4,"Free Wifi, Breakfast included",Hotel,1,1,1,NULL,https://ss3.4sqi.net/img/categories_v2/travel/hotel_bg_64.png,NULL
3,Hanoi La Siesta Hotel & Spa,3,1000000.00,4,"Free Wifi, Breakfast included",Spa,1,1,1,NULL,https://ss3.4sqi.net/img/categories_v2/shops/spa_bg_64.png,NULL
4,Meliá,4,1000000.00,4,"Free Wifi, Breakfast included",Hotel,1,1,1,NULL,https://ss3.4sqi.net/img/categories_v2/travel/hotel_bg_64.png,NULL
5,Mövenpick Hotel Hanoi,5,1000000.00,4,"Free Wifi, Breakfast included",Hotel,1,1,1,NULL,https://ss3.4sqi.net/img/categories_v2/travel/hotel_bg_64.png,NULL
6,Oriental Suites Hotel,6,1000000.00,4,"Free Wifi, Breakfast included",Hotel,1,1,1,NULL,https://ss3.4sqi.net/img/categories_v2/travel/hotel_bg_64.png,NULL
7,InterContinental Hanoi Westlake,7,1000000.00,4,"Free Wifi, Breakfast included",Hotel,1,1,1,NULL,https://ss3.4sqi.net/img/categories_v2/travel/hotel_bg_64.png,NULL
8,Hotel Nikko Hanoi,8,1000000.00,4,"Free Wifi, Breakfast included",Hotel,1,1,1,NULL,https://ss3.4sqi.net/img/categories_v2/travel/hotel_bg_64.png,NULL
9,Lotte Hotel Hanoi,9,1000000.00,4,"Free Wifi, Breakfast included",Hotel,1,1,1,NULL,https://ss3.4sqi.net/img/categories_v2/travel/hotel_bg_64.png,NULL
10,Hanoi Inner Hotel,10,1000000.00,4,"Free Wifi, Breakfast included",Hotel,1,1,1,NULL,https://ss3.4sqi.net/img/categories_v2/travel/hotel_bg_64.png,NULL
11,ibis Saigon Airport,31,1000000.00,4,"Free Wifi, Breakfast included",Hotel,1,1,1,NULL,https://ss3.4sqi.net/img/categories_v2/travel/hotel_bg_64.png,NULL
12,Hotel Des Arts Saigon Mgallery Collection,32,1000000.00,4,"Free Wifi, Breakfast included",Spa,1,1,1,NULL,https://ss3.4sqi.net/img/categories_v2/shops/spa_bg_64.png,NULL
13,Park Hyatt Saigon,33,1000000.00,4,"Free Wifi, Breakfast included",Hotel,1,1,1,NULL,https://ss3.4sqi.net/img/categories_v2/travel/hotel_bg_64.png,NULL
14,Pullman Saigon Centre,34,1000000.00,4,"Free Wifi, Breakfast included",Hotel,1,1,1,NULL,https://ss3.4sqi.net/img/categories_v2/travel/hotel_bg_64.png,NULL
15,Le Méridien Saigon,35,1000000.00,4,"Free Wifi, Breakfast included",Spa,1,1,1,NULL,https://ss3.4sqi.net/img/categories_v2/shops/spa_bg_64.png,NULL
16,InterContinental Saigon,36,1000000.00,4,"Free Wifi, Breakfast included",Hotel,1,1,1,NULL,https://ss3.4sqi.net/img/categories_v2/travel/hotel_bg_64.png,NULL
17,Silverland Sakyo Hotel & Spa,37,1000000.00,4,"Free Wifi, Breakfast included",Hotel,1,1,1,NULL,https://ss3.4sqi.net/img/categories_v2/travel/hotel_bg_64.png,NULL
18,Sofitel Saigon Plaza,38,1000000.00,4,"Free Wifi, Breakfast included",Hotel,1,1,1,NULL,https://ss3.4sqi.net/img/categories_v2/travel/hotel_bg_64.png,NULL
19,The Reverie Saigon,39,1000000.00,4,"Free Wifi, Breakfast included",Hotel,1,1,1,NULL,https://ss3.4sqi.net/img/categories_v2/travel/hotel_bg_64.png,NULL
20,Hotel Nikko Saigon,40,1000000.00,4,"Free Wifi, Breakfast included",Hotel,1,1,1,NULL,https://ss3.4sqi.net/img/categories_v2/travel/hotel_bg_64.png,NULL
21,Novotel Danang Premier Han River,61,1000000.00,4,"Free Wifi, Breakfast included",Hotel,1,1,1,NULL,https://ss3.4sqi.net/img/categories_v2/travel/hotel_bg_64.png,NULL
22,Brilliant Hotel,62,1000000.00,4,"Free Wifi, Breakfast included",Hotel,1,1,1,NULL,https://ss3.4sqi.net/img/categories_v2/travel/hotel_bg_64.png,NULL
23,Paris Deli Hotel,63,1000000.00,4,"Free Wifi, Breakfast included",Hotel,1,1,1,NULL,https://ss3.4sqi.net/img/categories_v2/travel/hotel_bg_64.png,NULL
24,Pullman Danang Beach Resort,64,1000000.00,4,"Free Wifi, Breakfast included",Hotel,1,1,1,NULL,https://ss3.4sqi.net/img/categories_v2/travel/hotel_bg_64.png,NULL
25,Furama Resort Danang,65,1000000.00,4,"Free Wifi, Breakfast included",Hotel,1,1,1,NULL,https://ss3.4sqi.net/img/categories_v2/travel/hotel_bg_64.png,NULL
26,Hyatt Regency Danang Resort and Spa,66,1000000.00,4,"Free Wifi, Breakfast included",Hotel,1,1,1,NULL,https://ss3.4sqi.net/img/categories_v2/travel/hotel_bg_64.png,NULL
27,Vanda Hotel (Khách sạn Vanda),67,1000000.00,4,"Free Wifi, Breakfast included",Hotel,1,1,1,NULL,https://ss3.4sqi.net/img/categories_v2/travel/hotel_bg_64.png,NULL
28,Crowne Plaza Danang,68,1000000.00,4,"Free Wifi, Breakfast included",Hotel,1,1,1,NULL,https://ss3.4sqi.net/img/categories_v2/travel/hotel_bg_64.png,NULL
29,Four Points by Sheraton Danang,69,1000000.00,4,"Free Wifi, Breakfast included",Hotel,1,1,1,NULL,https://ss3.4sqi.net/img/categories_v2/travel/hotel_bg_64.png,NULL
30,Royal Lotus Hotel Danang,70,1000000.00,4,"Free Wifi, Breakfast included",Hotel,1,1,1,NULL,https://ss3.4sqi.net/img/categories_v2/travel/hotel_bg_64.png,NULL
31,Apricot Hotel,91,1000000.00,4,"Free Wifi, Breakfast included",Hotel,1,1,1,NULL,https://ss3.4sqi.net/img/categories_v2/travel/hotel_bg_64.png,NULL
32,Sofitel Legend Metropole Hanoi,92,1000000.00,4,"Free Wifi, Breakfast included",Hotel,1,1,1,NULL,https://ss3.4sqi.net/img/categories_v2/travel/hotel_bg_64.png,NULL
33,Hanoi La Siesta Hotel & Spa,93,1000000.00,4,"Free Wifi, Breakfast included",Spa,1,1,1,NULL,https://ss3.4sqi.net/img/categories_v2/shops/spa_bg_64.png,NULL
34,Meliá,94,1000000.00,4,"Free Wifi, Breakfast included",Hotel,1,1,1,NULL,https://ss3.4sqi.net/img/categories_v2/travel/hotel_bg_64.png,NULL
35,Mövenpick Hotel Hanoi,95,1000000.00,4,"Free Wifi, Breakfast included",Hotel,1,1,1,NULL,https://ss3.4sqi.net/img/categories_v2/travel/hotel_bg_64.png,NULL
36,Oriental Suites Hotel,96,1000000.00,4,"Free Wifi, Breakfast included",Hotel,1,1,1,NULL,https://ss3.4sqi.net/img/categories_v2/travel/hotel_bg_64.png,NULL
37,InterContinental Hanoi Westlake,97,1000000.00,4,"Free Wifi, Breakfast included",Hotel,1,1,1,NULL,https://ss3.4sqi.net/img/categories_v2/travel/hotel_bg_64.png,NULL
38,Hotel Nikko Hanoi,98,1000000.00,4,"Free Wifi, Breakfast included",Hotel,1,1,1,NULL,https://ss3.4sqi.net/img/categories_v2/travel/hotel_bg_64.png,NULL
39,Lotte Hotel Hanoi,99,1000000.00,4,"Free Wifi, Breakfast included",Hotel,1,1,1,NULL,https://ss3.4sqi.net/img/categories_v2/travel/hotel_bg_64.png,NULL
40,Hanoi Inner Hotel,100,1000000.00,4,"Free Wifi, Breakfast included",Hotel,1,1,1,NULL,https://ss3.4sqi.net/img/categories_v2/travel/hotel_bg_64.png,NULL
41,ibis Saigon Airport,121,1000000.00,4,"Free Wifi, Breakfast included",Hotel,1,1,1,NULL,https://ss3.4sqi.net/img/categories_v2/travel/hotel_bg_64.png,NULL
42,Hotel Des Arts Saigon Mgallery Collection,122,1000000.00,4,"Free Wifi, Breakfast included",Spa,1,1,1,NULL,https://ss3.4sqi.net/img/categories_v2/shops/spa_bg_64.png,NULL
43,Park Hyatt Saigon,123,1000000.00,4,"Free Wifi, Breakfast included",Hotel,1,1,1,NULL,https://ss3.4sqi.net/img/categories_v2/travel/hotel_bg_64.png,NULL
44,Pullman Saigon Centre,124,1000000.00,4,"Free Wifi, Breakfast included",Hotel,1,1,1,NULL,https://ss3.4sqi.net/img/categories_v2/travel/hotel_bg_64.png,NULL
45,Le Méridien Saigon,125,1000000.00,4,"Free Wifi, Breakfast included",Spa,1,1,1,NULL,https://ss3.4sqi.net/img/categories_v2/shops/spa_bg_64.png,NULL
46,InterContinental Saigon,126,1000000.00,4,"Free Wifi, Breakfast included",Hotel,1,1,1,NULL,https://ss3.4sqi.net/img/categories_v2/travel/hotel_bg_64.png,NULL
47,Silverland Sakyo Hotel & Spa,127,1000000.00,4,"Free Wifi, Breakfast included",Hotel,1,1,1,NULL,https://ss3.4sqi.net/img/categories_v2/travel/hotel_bg_64.png,NULL
48,Sofitel Saigon Plaza,128,1000000.00,4,"Free Wifi, Breakfast included",Hotel,1,1,1,NULL,https://ss3.4sqi.net/img/categories_v2/travel/hotel_bg_64.png,NULL
49,The Reverie Saigon,129,1000000.00,4,"Free Wifi, Breakfast included",Hotel,1,1,1,NULL,https://ss3.4sqi.net/img/categories_v2/travel/hotel_bg_64.png,NULL
50,Hotel Nikko Saigon,130,1000000.00,4,"Free Wifi, Breakfast included",Hotel,1,1,1,NULL,https://ss3.4sqi.net/img/categories_v2/travel/hotel_bg_64.png,NULL
51,Novotel Danang Premier Han River,151,1000000.00,4,"Free Wifi, Breakfast included",Hotel,1,1,1,NULL,https://ss3.4sqi.net/img/categories_v2/travel/hotel_bg_64.png,NULL
52,Brilliant Hotel,152,1000000.00,4,"Free Wifi, Breakfast included",Hotel,1,1,1,NULL,https://ss3.4sqi.net/img/categories_v2/travel/hotel_bg_64.png,NULL
53,Paris Deli Hotel,153,1000000.00,4,"Free Wifi, Breakfast included",Hotel,1,1,1,NULL,https://ss3.4sqi.net/img/categories_v2/travel/hotel_bg_64.png,NULL
54,Pullman Danang Beach Resort,154,1000000.00,4,"Free Wifi, Breakfast included",Hotel,1,1,1,NULL,https://ss3.4sqi.net/img/categories_v2/travel/hotel_bg_64.png,NULL
55,Furama Resort Danang,155,1000000.00,4,"Free Wifi, Breakfast included",Hotel,1,1,1,NULL,https://ss3.4sqi.net/img/categories_v2/travel/hotel_bg_64.png,NULL
56,Hyatt Regency Danang Resort and Spa,156,1000000.00,4,"Free Wifi, Breakfast included",Hotel,1,1,1,NULL,https://ss3.4sqi.net/img/categories_v2/travel/hotel_bg_64.png,NULL
57,Vanda Hotel (Khách sạn Vanda),157,1000000.00,4,"Free Wifi, Breakfast included",Hotel,1,1,1,NULL,https://ss3.4sqi.net/img/categories_v2/travel/hotel_bg_64.png,NULL
58,Crowne Plaza Danang,158,1000000.00,4,"Free Wifi, Breakfast included",Hotel,1,1,1,NULL,https://ss3.4sqi.net/img/categories_v2/travel/hotel_bg_64.png,NULL
59,Four Points by Sheraton Danang,159,1000000.00,4,"Free Wifi, Breakfast included",Hotel,1,1,1,NULL,https://ss3.4sqi.net/img/categories_v2/travel/hotel_bg_64.png,NULL
60,Royal Lotus Hotel Danang,160,1000000.00,4,"Free Wifi, Breakfast included",Hotel,1,1,1,NULL,https://ss3.4sqi.net/img/categories_v2/travel/hotel_bg_64.png,NULL
61,Apricot Hotel,181,1000000.00,4,"Free Wifi, Breakfast included",Hotel,1,1,1,NULL,https://ss3.4sqi.net/img/categories_v2/travel/hotel_bg_64.png,NULL
62,Sofitel Legend Metropole Hanoi,182,1000000.00,4,"Free Wifi, Breakfast included",Hotel,1,1,1,NULL,https://ss3.4sqi.net/img/categories_v2/travel/hotel_bg_64.png,NULL
63,Hanoi La Siesta Hotel & Spa,183,1000000.00,4,"Free Wifi, Breakfast included",Spa,1,1,1,NULL,https://ss3.4sqi.net/img/categories_v2/shops/spa_bg_64.png,NULL
64,Meliá,184,1000000.00,4,"Free Wifi, Breakfast included",Hotel,1,1,1,NULL,https://ss3.4sqi.net/img/categories_v2/travel/hotel_bg_64.png,NULL
65,Mövenpick Hotel Hanoi,185,1000000.00,4,"Free Wifi, Breakfast included",Hotel,1,1,1,NULL,https://ss3.4sqi.net/img/categories_v2/travel/hotel_bg_64.png,NULL
66,Oriental Suites Hotel,186,1000000.00,4,"Free Wifi, Breakfast included",Hotel,1,1,1,NULL,https://ss3.4sqi.net/img/categories_v2/travel/hotel_bg_64.png,NULL
67,InterContinental Hanoi Westlake,187,1000000.00,4,"Free Wifi, Breakfast included",Hotel,1,1,1,NULL,https://ss3.4sqi.net/img/categories_v2/travel/hotel_bg_64.png,NULL
68,Hotel Nikko Hanoi,188,1000000.00,4,"Free Wifi, Breakfast included",Hotel,1,1,1,NULL,https://ss3.4sqi.net/img/categories_v2/travel/hotel_bg_64.png,NULL
69,Lotte Hotel Hanoi,189,1000000.00,4,"Free Wifi, Breakfast included",Hotel,1,1,1,NULL,https://ss3.4sqi.net/img/categories_v2/travel/hotel_bg_64.png,NULL
70,Hanoi Inner Hotel,190,1000000.00,4,"Free Wifi, Breakfast included",Hotel,1,1,1,NULL,https://ss3.4sqi.net/img/categories_v2/travel/hotel_bg_64.png,NULL
71,ibis Saigon Airport,221,1000000.00,4,"Free Wifi, Breakfast included",Hotel,1,1,1,NULL,https://ss3.4sqi.net/img/categories_v2/travel/hotel_bg_64.png,NULL
72,Hotel Des Arts Saigon Mgallery Collection,222,1000000.00,4,"Free Wifi, Breakfast included",Spa,1,1,1,NULL,https://ss3.4sqi.net/img/categories_v2/shops/spa_bg_64.png,NULL
73,Park Hyatt Saigon,223,1000000.00,4,"Free Wifi, Breakfast included",Hotel,1,1,1,NULL,https://ss3.4sqi.net/img/categories_v2/travel/hotel_bg_64.png,NULL
74,Pullman Saigon Centre,224,1000000.00,4,"Free Wifi, Breakfast included",Hotel,1,1,1,NULL,https://ss3.4sqi.net/img/categories_v2/travel/hotel_bg_64.png,NULL
75,Le Méridien Saigon,225,1000000.00,4,"Free Wifi, Breakfast included",Spa,1,1,1,NULL,https://ss3.4sqi.net/img/categories_v2/shops/spa_bg_64.png,NULL
76,InterContinental Saigon,226,1000000.00,4,"Free Wifi, Breakfast included",Hotel,1,1,1,NULL,https://ss3.4sqi.net/img/categories_v2/travel/hotel_bg_64.png,NULL
77,Silverland Sakyo Hotel & Spa,227,1000000.00,4,"Free Wifi, Breakfast included",Hotel,1,1,1,NULL,https://ss3.4sqi.net/img/categories_v2/travel/hotel_bg_64.png,NULL
78,Sofitel Saigon Plaza,228,1000000.00,4,"Free Wifi, Breakfast included",Hotel,1,1,1,NULL,https://ss3.4sqi.net/img/categories_v2/travel/hotel_bg_64.png,NULL
79,The Reverie Saigon,229,1000000.00,4,"Free Wifi, Breakfast included",Hotel,1,1,1,NULL,https://ss3.4sqi.net/img/categories_v2/travel/hotel_bg_64.png,NULL
80,Hotel Nikko Saigon,230,1000000.00,4,"Free Wifi, Breakfast included",Hotel,1,1,1,NULL,https://ss3.4sqi.net/img/categories_v2/travel/hotel_bg_64.png,NULL
81,Novotel Danang Premier Han River,261,1000000.00,4,"Free Wifi, Breakfast included",Hotel,1,1,1,NULL,https://ss3.4sqi.net/img/categories_v2/travel/hotel_bg_64.png,NULL
82,Brilliant Hotel,262,1000000.00,4,"Free Wifi, Breakfast included",Hotel,1,1,1,NULL,https://ss3.4sqi.net/img/categories_v2/travel/hotel_bg_64.png,NULL
83,Paris Deli Hotel,263,1000000.00,4,"Free Wifi, Breakfast included",Hotel,1,1,1,NULL,https://ss3.4sqi.net/img/categories_v2/travel/hotel_bg_64.png,NULL
84,Pullman Danang Beach Resort,264,1000000.00,4,"Free Wifi, Breakfast included",Hotel,1,1,1,NULL,https://ss3.4sqi.net/img/categories_v2/travel/hotel_bg_64.png,NULL
85,Furama Resort Danang,265,1000000.00,4,"Free Wifi, Breakfast included",Hotel,1,1,1,NULL,https://ss3.4sqi.net/img/categories_v2/travel/hotel_bg_64.png,NULL
86,Hyatt Regency Danang Resort and Spa,266,1000000.00,4,"Free Wifi, Breakfast included",Hotel,1,1,1,NULL,https://ss3.4sqi.net/img/categories_v2/travel/hotel_bg_64.png,NULL
87,Vanda Hotel (Khách sạn Vanda),267,1000000.00,4,"Free Wifi, Breakfast included",Hotel,1,1,1,NULL,https://ss3.4sqi.net/img/categories_v2/travel/hotel_bg_64.png,NULL
88,Crowne Plaza Danang,268,1000000.00,4,"Free Wifi, Breakfast included",Hotel,1,1,1,NULL,https://ss3.4sqi.net/img/categories_v2/travel/hotel_bg_64.png,NULL
89,Four Points by Sheraton Danang,269,1000000.00,4,"Free Wifi, Breakfast included",Hotel,1,1,1,NULL,https://ss3.4sqi.net/img/categories_v2/travel/hotel_bg_64.png,NULL
90,Royal Lotus Hotel Danang,270,1000000.00,4,"Free Wifi, Breakfast included",Hotel,1,1,1,NULL,https://ss3.4sqi.net/img/categories_v2/travel/hotel_bg_64.png,NULL
91,Apricot Hotel,301,1000000.00,4,"Free Wifi, Breakfast included",Hotel,1,1,1,NULL,https://ss3.4sqi.net/img/categories_v2/travel/hotel_bg_64.png,NULL
92,Sofitel Legend Metropole Hanoi,302,1000000.00,4,"Free Wifi, Breakfast included",Hotel,1,1,1,NULL,https://ss3.4sqi.net/img/categories_v2/travel/hotel_bg_64.png,NULL
93,Hanoi La Siesta Hotel & Spa,303,1000000.00,4,"Free Wifi, Breakfast included",Spa,1,1,1,NULL,https://ss3.4sqi.net/img/categories_v2/shops/spa_bg_64.png,NULL
94,Meliá,304,1000000.00,4,"Free Wifi, Breakfast included",Hotel,1,1,1,NULL,https://ss3.4sqi.net/img/categories_v2/travel/hotel_bg_64.png,NULL
95,Mövenpick Hotel Hanoi,305,1000000.00,4,"Free Wifi, Breakfast included",Hotel,1,1,1,NULL,https://ss3.4sqi.net/img/categories_v2/travel/hotel_bg_64.png,NULL
96,Oriental Suites Hotel,306,1000000.00,4,"Free Wifi, Breakfast included",Hotel,1,1,1,NULL,https://ss3.4sqi.net/img/categories_v2/travel/hotel_bg_64.png,NULL
97,InterContinental Hanoi Westlake,307,1000000.00,4,"Free Wifi, Breakfast included",Hotel,1,1,1,NULL,https://ss3.4sqi.net/img/categories_v2/travel/hotel_bg_64.png,NULL
98,Hotel Nikko Hanoi,308,1000000.00,4,"Free Wifi, Breakfast included",Hotel,1,1,1,NULL,https://ss3.4sqi.net/img/categories_v2/travel/hotel_bg_64.png,NULL
99,Lotte Hotel Hanoi,309,1000000.00,4,"Free Wifi, Breakfast included",Hotel,1,1,1,NULL,https://ss3.4sqi.net/img/categories_v2/travel/hotel_bg_64.png,NULL
100,Hanoi Inner Hotel,310,1000000.00,4,"Free Wifi, Breakfast included",Hotel,1,1,1,NULL,https://ss3.4sqi.net/img/categories_v2/travel/hotel_bg_64.png,NULL
101,ibis Saigon Airport,341,1000000.00,4,"Free Wifi, Breakfast included",Hotel,1,1,1,NULL,https://ss3.4sqi.net/img/categories_v2/travel/hotel_bg_64.png,NULL
102,Hotel Des Arts Saigon Mgallery Collection,342,1000000.00,4,"Free Wifi, Breakfast included",Spa,1,1,1,NULL,https://ss3.4sqi.net/img/categories_v2/shops/spa_bg_64.png,NULL
103,Park Hyatt Saigon,343,1000000.00,4,"Free Wifi, Breakfast included",Hotel,1,1,1,NULL,https://ss3.4sqi.net/img/categories_v2/travel/hotel_bg_64.png,NULL
104,Pullman Saigon Centre,344,1000000.00,4,"Free Wifi, Breakfast included",Hotel,1,1,1,NULL,https://ss3.4sqi.net/img/categories_v2/travel/hotel_bg_64.png,NULL
105,Le Méridien Saigon,345,1000000.00,4,"Free Wifi, Breakfast included",Spa,1,1,1,NULL,https://ss3.4sqi.net/img/categories_v2/shops/spa_bg_64.png,NULL
106,InterContinental Saigon,346,1000000.00,4,"Free Wifi, Breakfast included",Hotel,1,1,1,NULL,https://ss3.4sqi.net/img/categories_v2/travel/hotel_bg_64.png,NULL
107,Silverland Sakyo Hotel & Spa,347,1000000.00,4,"Free Wifi, Breakfast included",Hotel,1,1,1,NULL,https://ss3.4sqi.net/img/categories_v2/travel/hotel_bg_64.png,NULL
108,Sofitel Saigon Plaza,348,1000000.00,4,"Free Wifi, Breakfast included",Hotel,1,1,1,NULL,https://ss3.4sqi.net/img/categories_v2/travel/hotel_bg_64.png,NULL
109,The Reverie Saigon,349,1000000.00,4,"Free Wifi, Breakfast included",Hotel,1,1,1,NULL,https://ss3.4sqi.net/img/categories_v2/travel/hotel_bg_64.png,NULL
110,Hotel Nikko Saigon,350,1000000.00,4,"Free Wifi, Breakfast included",Hotel,1,1,1,NULL,https://ss3.4sqi.net/img/categories_v2/travel/hotel_bg_64.png,NULL
111,Novotel Danang Premier Han River,381,1000000.00,4,"Free Wifi, Breakfast included",Hotel,1,1,1,NULL,https://ss3.4sqi.net/img/categories_v2/travel/hotel_bg_64.png,NULL
112,Brilliant Hotel,382,1000000.00,4,"Free Wifi, Breakfast included",Hotel,1,1,1,NULL,https://ss3.4sqi.net/img/categories_v2/travel/hotel_bg_64.png,NULL
113,Paris Deli Hotel,383,1000000.00,4,"Free Wifi, Breakfast included",Hotel,1,1,1,NULL,https://ss3.4sqi.net/img/categories_v2/travel/hotel_bg_64.png,NULL
114,Pullman Danang Beach Resort,384,1000000.00,4,"Free Wifi, Breakfast included",Hotel,1,1,1,NULL,https://ss3.4sqi.net/img/categories_v2/travel/hotel_bg_64.png,NULL
115,Furama Resort Danang,385,1000000.00,4,"Free Wifi, Breakfast included",Hotel,1,1,1,NULL,https://ss3.4sqi.net/img/categories_v2/travel/hotel_bg_64.png,NULL
116,Hyatt Regency Danang Resort and Spa,386,1000000.00,4,"Free Wifi, Breakfast included",Hotel,1,1,1,NULL,https://ss3.4sqi.net/img/categories_v2/travel/hotel_bg_64.png,NULL
117,Vanda Hotel (Khách sạn Vanda),387,1000000.00,4,"Free Wifi, Breakfast included",Hotel,1,1,1,NULL,https://ss3.4sqi.net/img/categories_v2/travel/hotel_bg_64.png,NULL
118,Crowne Plaza Danang,388,1000000.00,4,"Free Wifi, Breakfast included",Hotel,1,1,1,NULL,https://ss3.4sqi.net/img/categories_v2/travel/hotel_bg_64.png,NULL
119,Four Points by Sheraton Danang,389,1000000.00,4,"Free Wifi, Breakfast included",Hotel,1,1,1,NULL,https://ss3.4sqi.net/img/categories_v2/travel/hotel_bg_64.png,NULL
120,Royal Lotus Hotel Danang,390,1000000.00,4,"Free Wifi, Breakfast included",Hotel,1,1,1,NULL,https://ss3.4sqi.net/img/categories_v2/travel/hotel_bg_64.png,NULL
121,Apricot Hotel,421,1000000.00,4,"Free Wifi, Breakfast included",Hotel,1,1,1,NULL,https://ss3.4sqi.net/img/categories_v2/travel/hotel_bg_64.png,NULL
122,Sofitel Legend Metropole Hanoi,422,1000000.00,4,"Free Wifi, Breakfast included",Hotel,1,1,1,NULL,https://ss3.4sqi.net/img/categories_v2/travel/hotel_bg_64.png,NULL
123,Hanoi La Siesta Hotel & Spa,423,1000000.00,4,"Free Wifi, Breakfast included",Spa,1,1,1,NULL,https://ss3.4sqi.net/img/categories_v2/shops/spa_bg_64.png,NULL
124,Meliá,424,1000000.00,4,"Free Wifi, Breakfast included",Hotel,1,1,1,NULL,https://ss3.4sqi.net/img/categories_v2/travel/hotel_bg_64.png,NULL
125,Mövenpick Hotel Hanoi,425,1000000.00,4,"Free Wifi, Breakfast included",Hotel,1,1,1,NULL,https://ss3.4sqi.net/img/categories_v2/travel/hotel_bg_64.png,NULL
126,Oriental Suites Hotel,426,1000000.00,4,"Free Wifi, Breakfast included",Hotel,1,1,1,NULL,https://ss3.4sqi.net/img/categories_v2/travel/hotel_bg_64.png,NULL
127,InterContinental Hanoi Westlake,427,1000000.00,4,"Free Wifi, Breakfast included",Hotel,1,1,1,NULL,https://ss3.4sqi.net/img/categories_v2/travel/hotel_bg_64.png,NULL
128,Hotel Nikko Hanoi,428,1000000.00,4,"Free Wifi, Breakfast included",Hotel,1,1,1,NULL,https://ss3.4sqi.net/img/categories_v2/travel/hotel_bg_64.png,NULL
129,Lotte Hotel Hanoi,429,1000000.00,4,"Free Wifi, Breakfast included",Hotel,1,1,1,NULL,https://ss3.4sqi.net/img/categories_v2/travel/hotel_bg_64.png,NULL
130,Hanoi Inner Hotel,430,1000000.00,4,"Free Wifi, Breakfast included",Hotel,1,1,1,NULL,https://ss3.4sqi.net/img/categories_v2/travel/hotel_bg_64.png,NULL
131,ibis Saigon Airport,461,1000000.00,4,"Free Wifi, Breakfast included",Hotel,1,1,1,NULL,https://ss3.4sqi.net/img/categories_v2/travel/hotel_bg_64.png,NULL
132,Hotel Des Arts Saigon Mgallery Collection,462,1000000.00,4,"Free Wifi, Breakfast included",Spa,1,1,1,NULL,https://ss3.4sqi.net/img/categories_v2/shops/spa_bg_64.png,NULL
133,Park Hyatt Saigon,463,1000000.00,4,"Free Wifi, Breakfast included",Hotel,1,1,1,NULL,https://ss3.4sqi.net/img/categories_v2/travel/hotel_bg_64.png,NULL
134,Pullman Saigon Centre,464,1000000.00,4,"Free Wifi, Breakfast included",Hotel,1,1,1,NULL,https://ss3.4sqi.net/img/categories_v2/travel/hotel_bg_64.png,NULL
135,Le Méridien Saigon,465,1000000.00,4,"Free Wifi, Breakfast included",Spa,1,1,1,NULL,https://ss3.4sqi.net/img/categories_v2/shops/spa_bg_64.png,NULL
136,InterContinental Saigon,466,1000000.00,4,"Free Wifi, Breakfast included",Hotel,1,1,1,NULL,https://ss3.4sqi.net/img/categories_v2/travel/hotel_bg_64.png,NULL
137,Silverland Sakyo Hotel & Spa,467,1000000.00,4,"Free Wifi, Breakfast included",Hotel,1,1,1,NULL,https://ss3.4sqi.net/img/categories_v2/travel/hotel_bg_64.png,NULL
138,Sofitel Saigon Plaza,468,1000000.00,4,"Free Wifi, Breakfast included",Hotel,1,1,1,NULL,https://ss3.4sqi.net/img/categories_v2/travel/hotel_bg_64.png,NULL
139,The Reverie Saigon,469,1000000.00,4,"Free Wifi, Breakfast included",Hotel,1,1,1,NULL,https://ss3.4sqi.net/img/categories_v2/travel/hotel_bg_64.png,NULL
140,Hotel Nikko Saigon,470,1000000.00,4,"Free Wifi, Breakfast included",Hotel,1,1,1,NULL,https://ss3.4sqi.net/img/categories_v2/travel/hotel_bg_64.png,NULL
141,Novotel Danang Premier Han River,501,1000000.00,4,"Free Wifi, Breakfast included",Hotel,1,1,1,NULL,https://ss3.4sqi.net/img/categories_v2/travel/hotel_bg_64.png,NULL
142,Brilliant Hotel,502,1000000.00,4,"Free Wifi, Breakfast included",Hotel,1,1,1,NULL,https://ss3.4sqi.net/img/categories_v2/travel/hotel_bg_64.png,NULL
143,Paris Deli Hotel,503,1000000.00,4,"Free Wifi, Breakfast included",Hotel,1,1,1,NULL,https://ss3.4sqi.net/img/categories_v2/travel/hotel_bg_64.png,NULL
144,Pullman Danang Beach Resort,504,1000000.00,4,"Free Wifi, Breakfast included",Hotel,1,1,1,NULL,https://ss3.4sqi.net/img/categories_v2/travel/hotel_bg_64.png,NULL
145,Furama Resort Danang,505,1000000.00,4,"Free Wifi, Breakfast included",Hotel,1,1,1,NULL,https://ss3.4sqi.net/img/categories_v2/travel/hotel_bg_64.png,NULL
146,Hyatt Regency Danang Resort and Spa,506,1000000.00,4,"Free Wifi, Breakfast included",Hotel,1,1,1,NULL,https://ss3.4sqi.net/img/categories_v2/travel/hotel_bg_64.png,NULL
147,Vanda Hotel (Khách sạn Vanda),507,1000000.00,4,"Free Wifi, Breakfast included",Hotel,1,1,1,NULL,https://ss3.4sqi.net/img/categories_v2/travel/hotel_bg_64.png,NULL
148,Crowne Plaza Danang,508,1000000.00,4,"Free Wifi, Breakfast included",Hotel,1,1,1,NULL,https://ss3.4sqi.net/img/categories_v2/travel/hotel_bg_64.png,NULL
149,Four Points by Sheraton Danang,509,1000000.00,4,"Free Wifi, Breakfast included",Hotel,1,1,1,NULL,https://ss3.4sqi.net/img/categories_v2/travel/hotel_bg_64.png,NULL
150,Royal Lotus Hotel Danang,510,1000000.00,4,"Free Wifi, Breakfast included",Hotel,1,1,1,NULL,https://ss3.4sqi.net/img/categories_v2/travel/hotel_bg_64.png,NULL
151,Apricot Hotel,541,1000000.00,4,"Free Wifi, Breakfast included",Hotel,1,1,1,NULL,https://ss3.4sqi.net/img/categories_v2/travel/hotel_bg_64.png,NULL
152,Sofitel Legend Metropole Hanoi,542,1000000.00,4,"Free Wifi, Breakfast included",Hotel,1,1,1,NULL,https://ss3.4sqi.net/img/categories_v2/travel/hotel_bg_64.png,NULL
153,Hanoi La Siesta Hotel & Spa,543,1000000.00,4,"Free Wifi, Breakfast included",Spa,1,1,1,NULL,https://ss3.4sqi.net/img/categories_v2/shops/spa_bg_64.png,NULL
154,Meliá,544,1000000.00,4,"Free Wifi, Breakfast included",Hotel,1,1,1,NULL,https://ss3.4sqi.net/img/categories_v2/travel/hotel_bg_64.png,NULL
155,Mövenpick Hotel Hanoi,545,1000000.00,4,"Free Wifi, Breakfast included",Hotel,1,1,1,NULL,https://ss3.4sqi.net/img/categories_v2/travel/hotel_bg_64.png,NULL
156,Oriental Suites Hotel,546,1000000.00,4,"Free Wifi, Breakfast included",Hotel,1,1,1,NULL,https://ss3.4sqi.net/img/categories_v2/travel/hotel_bg_64.png,NULL
157,InterContinental Hanoi Westlake,547,1000000.00,4,"Free Wifi, Breakfast included",Hotel,1,1,1,NULL,https://ss3.4sqi.net/img/categories_v2/travel/hotel_bg_64.png,NULL
158,Hotel Nikko Hanoi,548,1000000.00,4,"Free Wifi, Breakfast included",Hotel,1,1,1,NULL,https://ss3.4sqi.net/img/categories_v2/travel/hotel_bg_64.png,NULL
159,Lotte Hotel Hanoi,549,1000000.00,4,"Free Wifi, Breakfast included",Hotel,1,1,1,NULL,https://ss3.4sqi.net/img/categories_v2/travel/hotel_bg_64.png,NULL
160,Hanoi Inner Hotel,550,1000000.00,4,"Free Wifi, Breakfast included",Hotel,1,1,1,NULL,https://ss3.4sqi.net/img/categories_v2/travel/hotel_bg_64.png,NULL
161,ibis Saigon Airport,581,1000000.00,4,"Free Wifi, Breakfast included",Hotel,1,1,1,NULL,https://ss3.4sqi.net/img/categories_v2/travel/hotel_bg_64.png,NULL
162,Hotel Des Arts Saigon Mgallery Collection,582,1000000.00,4,"Free Wifi, Breakfast included",Spa,1,1,1,NULL,https://ss3.4sqi.net/img/categories_v2/shops/spa_bg_64.png,NULL
163,Park Hyatt Saigon,583,1000000.00,4,"Free Wifi, Breakfast included",Hotel,1,1,1,NULL,https://ss3.4sqi.net/img/categories_v2/travel/hotel_bg_64.png,NULL
164,Pullman Saigon Centre,584,1000000.00,4,"Free Wifi, Breakfast included",Hotel,1,1,1,NULL,https://ss3.4sqi.net/img/categories_v2/travel/hotel_bg_64.png,NULL
165,Le Méridien Saigon,585,1000000.00,4,"Free Wifi, Breakfast included",Spa,1,1,1,NULL,https://ss3.4sqi.net/img/categories_v2/shops/spa_bg_64.png,NULL
166,InterContinental Saigon,586,1000000.00,4,"Free Wifi, Breakfast included",Hotel,1,1,1,NULL,https://ss3.4sqi.net/img/categories_v2/travel/hotel_bg_64.png,NULL
167,Silverland Sakyo Hotel & Spa,587,1000000.00,4,"Free Wifi, Breakfast included",Hotel,1,1,1,NULL,https://ss3.4sqi.net/img/categories_v2/travel/hotel_bg_64.png,NULL
168,Sofitel Saigon Plaza,588,1000000.00,4,"Free Wifi, Breakfast included",Hotel,1,1,1,NULL,https://ss3.4sqi.net/img/categories_v2/travel/hotel_bg_64.png,NULL
169,The Reverie Saigon,589,1000000.00,4,"Free Wifi, Breakfast included",Hotel,1,1,1,NULL,https://ss3.4sqi.net/img/categories_v2/travel/hotel_bg_64.png,NULL
170,Hotel Nikko Saigon,590,1000000.00,4,"Free Wifi, Breakfast included",Hotel,1,1,1,NULL,https://ss3.4sqi.net/img/categories_v2/travel/hotel_bg_64.png,NULL
171,Novotel Danang Premier Han River,621,1000000.00,4,"Free Wifi, Breakfast included",Hotel,1,1,1,NULL,https://ss3.4sqi.net/img/categories_v2/travel/hotel_bg_64.png,NULL
172,Brilliant Hotel,622,1000000.00,4,"Free Wifi, Breakfast included",Hotel,1,1,1,NULL,https://ss3.4sqi.net/img/categories_v2/travel/hotel_bg_64.png,NULL
173,Paris Deli Hotel,623,1000000.00,4,"Free Wifi, Breakfast included",Hotel,1,1,1,NULL,https://ss3.4sqi.net/img/categories_v2/travel/hotel_bg_64.png,NULL
174,Pullman Danang Beach Resort,624,1000000.00,4,"Free Wifi, Breakfast included",Hotel,1,1,1,NULL,https://ss3.4sqi.net/img/categories_v2/travel/hotel_bg_64.png,NULL
175,Furama Resort Danang,625,1000000.00,4,"Free Wifi, Breakfast included",Hotel,1,1,1,NULL,https://ss3.4sqi.net/img/categories_v2/travel/hotel_bg_64.png,NULL
176,Hyatt Regency Danang Resort and Spa,626,1000000.00,4,"Free Wifi, Breakfast included",Hotel,1,1,1,NULL,https://ss3.4sqi.net/img/categories_v2/travel/hotel_bg_64.png,NULL
177,Vanda Hotel (Khách sạn Vanda),627,1000000.00,4,"Free Wifi, Breakfast included",Hotel,1,1,1,NULL,https://ss3.4sqi.net/img/categories_v2/travel/hotel_bg_64.png,NULL
178,Crowne Plaza Danang,628,1000000.00,4,"Free Wifi, Breakfast included",Hotel,1,1,1,NULL,https://ss3.4sqi.net/img/categories_v2/travel/hotel_bg_64.png,NULL
179,Four Points by Sheraton Danang,629,1000000.00,4,"Free Wifi, Breakfast included",Hotel,1,1,1,NULL,https://ss3.4sqi.net/img/categories_v2/travel/hotel_bg_64.png,NULL
180,Royal Lotus Hotel Danang,630,1000000.00,4,"Free Wifi, Breakfast included",Hotel,1,1,1,NULL,https://ss3.4sqi.net/img/categories_v2/travel/hotel_bg_64.png,NULL
181,Apricot Hotel,661,1000000.00,4,"Free Wifi, Breakfast included",Hotel,1,1,1,NULL,https://ss3.4sqi.net/img/categories_v2/travel/hotel_bg_64.png,NULL
182,Sofitel Legend Metropole Hanoi,662,1000000.00,4,"Free Wifi, Breakfast included",Hotel,1,1,1,NULL,https://ss3.4sqi.net/img/categories_v2/travel/hotel_bg_64.png,NULL
183,Hanoi La Siesta Hotel & Spa,663,1000000.00,4,"Free Wifi, Breakfast included",Spa,1,1,1,NULL,https://ss3.4sqi.net/img/categories_v2/shops/spa_bg_64.png,NULL
184,Meliá,664,1000000.00,4,"Free Wifi, Breakfast included",Hotel,1,1,1,NULL,https://ss3.4sqi.net/img/categories_v2/travel/hotel_bg_64.png,NULL
185,Mövenpick Hotel Hanoi,665,1000000.00,4,"Free Wifi, Breakfast included",Hotel,1,1,1,NULL,https://ss3.4sqi.net/img/categories_v2/travel/hotel_bg_64.png,NULL
186,Oriental Suites Hotel,666,1000000.00,4,"Free Wifi, Breakfast included",Hotel,1,1,1,NULL,https://ss3.4sqi.net/img/categories_v2/travel/hotel_bg_64.png,NULL
187,InterContinental Hanoi Westlake,667,1000000.00,4,"Free Wifi, Breakfast included",Hotel,1,1,1,NULL,https://ss3.4sqi.net/img/categories_v2/travel/hotel_bg_64.png,NULL
188,Hotel Nikko Hanoi,668,1000000.00,4,"Free Wifi, Breakfast included",Hotel,1,1,1,NULL,https://ss3.4sqi.net/img/categories_v2/travel/hotel_bg_64.png,NULL
189,Lotte Hotel Hanoi,669,1000000.00,4,"Free Wifi, Breakfast included",Hotel,1,1,1,NULL,https://ss3.4sqi.net/img/categories_v2/travel/hotel_bg_64.png,NULL
190,Hanoi Inner Hotel,670,1000000.00,4,"Free Wifi, Breakfast included",Hotel,1,1,1,NULL,https://ss3.4sqi.net/img/categories_v2/travel/hotel_bg_64.png,NULL
191,ibis Saigon Airport,701,1000000.00,4,"Free Wifi, Breakfast included",Hotel,1,1,1,NULL,https://ss3.4sqi.net/img/categories_v2/travel/hotel_bg_64.png,NULL
192,Hotel Des Arts Saigon Mgallery Collection,702,1000000.00,4,"Free Wifi, Breakfast included",Spa,1,1,1,NULL,https://ss3.4sqi.net/img/categories_v2/shops/spa_bg_64.png,NULL
193,Park Hyatt Saigon,703,1000000.00,4,"Free Wifi, Breakfast included",Hotel,1,1,1,NULL,https://ss3.4sqi.net/img/categories_v2/travel/hotel_bg_64.png,NULL
194,Pullman Saigon Centre,704,1000000.00,4,"Free Wifi, Breakfast included",Hotel,1,1,1,NULL,https://ss3.4sqi.net/img/categories_v2/travel/hotel_bg_64.png,NULL
195,Le Méridien Saigon,705,1000000.00,4,"Free Wifi, Breakfast included",Spa,1,1,1,NULL,https://ss3.4sqi.net/img/categories_v2/shops/spa_bg_64.png,NULL
196,InterContinental Saigon,706,1000000.00,4,"Free Wifi, Breakfast included",Hotel,1,1,1,NULL,https://ss3.4sqi.net/img/categories_v2/travel/hotel_bg_64.png,NULL
197,Silverland Sakyo Hotel & Spa,707,1000000.00,4,"Free Wifi, Breakfast included",Hotel,1,1,1,NULL,https://ss3.4sqi.net/img/categories_v2/travel/hotel_bg_64.png,NULL
198,Sofitel Saigon Plaza,708,1000000.00,4,"Free Wifi, Breakfast included",Hotel,1,1,1,NULL,https://ss3.4sqi.net/img/categories_v2/travel/hotel_bg_64.png,NULL
199,The Reverie Saigon,709,1000000.00,4,"Free Wifi, Breakfast included",Hotel,1,1,1,NULL,https://ss3.4sqi.net/img/categories_v2/travel/hotel_bg_64.png,NULL
200,Hotel Nikko Saigon,710,1000000.00,4,"Free Wifi, Breakfast included",Hotel,1,1,1,NULL,https://ss3.4sqi.net/img/categories_v2/travel/hotel_bg_64.png,NULL
201,Novotel Danang Premier Han River,741,1000000.00,4,"Free Wifi, Breakfast included",Hotel,1,1,1,NULL,https://ss3.4sqi.net/img/categories_v2/travel/hotel_bg_64.png,NULL
202,Brilliant Hotel,742,1000000.00,4,"Free Wifi, Breakfast included",Hotel,1,1,1,NULL,https://ss3.4sqi.net/img/categories_v2/travel/hotel_bg_64.png,NULL
203,Paris Deli Hotel,743,1000000.00,4,"Free Wifi, Breakfast included",Hotel,1,1,1,NULL,https://ss3.4sqi.net/img/categories_v2/travel/hotel_bg_64.png,NULL
204,Pullman Danang Beach Resort,744,1000000.00,4,"Free Wifi, Breakfast included",Hotel,1,1,1,NULL,https://ss3.4sqi.net/img/categories_v2/travel/hotel_bg_64.png,NULL
205,Furama Resort Danang,745,1000000.00,4,"Free Wifi, Breakfast included",Hotel,1,1,1,NULL,https://ss3.4sqi.net/img/categories_v2/travel/hotel_bg_64.png,NULL
206,Hyatt Regency Danang Resort and Spa,746,1000000.00,4,"Free Wifi, Breakfast included",Hotel,1,1,1,NULL,https://ss3.4sqi.net/img/categories_v2/travel/hotel_bg_64.png,NULL
207,Vanda Hotel (Khách sạn Vanda),747,1000000.00,4,"Free Wifi, Breakfast included",Hotel,1,1,1,NULL,https://ss3.4sqi.net/img/categories_v2/travel/hotel_bg_64.png,NULL
208,Crowne Plaza Danang,748,1000000.00,4,"Free Wifi, Breakfast included",Hotel,1,1,1,NULL,https://ss3.4sqi.net/img/categories_v2/travel/hotel_bg_64.png,NULL
209,Four Points by Sheraton Danang,749,1000000.00,4,"Free Wifi, Breakfast included",Hotel,1,1,1,NULL,https://ss3.4sqi.net/img/categories_v2/travel/hotel_bg_64.png,NULL
210,Royal Lotus Hotel Danang,750,1000000.00,4,"Free Wifi, Breakfast included",Hotel,1,1,1,NULL,https://ss3.4sqi.net/img/categories_v2/travel/hotel_bg_64.png,NULL
211,Apricot Hotel,781,1000000.00,4,"Free Wifi, Breakfast included",Hotel,1,1,1,NULL,https://ss3.4sqi.net/img/categories_v2/travel/hotel_bg_64.png,NULL
212,Sofitel Legend Metropole Hanoi,782,1000000.00,4,"Free Wifi, Breakfast included",Hotel,1,1,1,NULL,https://ss3.4sqi.net/img/categories_v2/travel/hotel_bg_64.png,NULL
213,Hanoi La Siesta Hotel & Spa,783,1000000.00,4,"Free Wifi, Breakfast included",Spa,1,1,1,NULL,https://ss3.4sqi.net/img/categories_v2/shops/spa_bg_64.png,NULL
214,Meliá,784,1000000.00,4,"Free Wifi, Breakfast included",Hotel,1,1,1,NULL,https://ss3.4sqi.net/img/categories_v2/travel/hotel_bg_64.png,NULL
215,Mövenpick Hotel Hanoi,785,1000000.00,4,"Free Wifi, Breakfast included",Hotel,1,1,1,NULL,https://ss3.4sqi.net/img/categories_v2/travel/hotel_bg_64.png,NULL
216,Oriental Suites Hotel,786,1000000.00,4,"Free Wifi, Breakfast included",Hotel,1,1,1,NULL,https://ss3.4sqi.net/img/categories_v2/travel/hotel_bg_64.png,NULL
217,InterContinental Hanoi Westlake,787,1000000.00,4,"Free Wifi, Breakfast included",Hotel,1,1,1,NULL,https://ss3.4sqi.net/img/categories_v2/travel/hotel_bg_64.png,NULL
218,Hotel Nikko Hanoi,788,1000000.00,4,"Free Wifi, Breakfast included",Hotel,1,1,1,NULL,https://ss3.4sqi.net/img/categories_v2/travel/hotel_bg_64.png,NULL
219,Lotte Hotel Hanoi,789,1000000.00,4,"Free Wifi, Breakfast included",Hotel,1,1,1,NULL,https://ss3.4sqi.net/img/categories_v2/travel/hotel_bg_64.png,NULL
220,Hanoi Inner Hotel,790,1000000.00,4,"Free Wifi, Breakfast included",Hotel,1,1,1,NULL,https://ss3.4sqi.net/img/categories_v2/travel/hotel_bg_64.png,NULL
221,ibis Saigon Airport,821,1000000.00,4,"Free Wifi, Breakfast included",Hotel,1,1,1,NULL,https://ss3.4sqi.net/img/categories_v2/travel/hotel_bg_64.png,NULL
222,Hotel Des Arts Saigon Mgallery Collection,822,1000000.00,4,"Free Wifi, Breakfast included",Spa,1,1,1,NULL,https://ss3.4sqi.net/img/categories_v2/shops/spa_bg_64.png,NULL
223,Park Hyatt Saigon,823,1000000.00,4,"Free Wifi, Breakfast included",Hotel,1,1,1,NULL,https://ss3.4sqi.net/img/categories_v2/travel/hotel_bg_64.png,NULL
224,Pullman Saigon Centre,824,1000000.00,4,"Free Wifi, Breakfast included",Hotel,1,1,1,NULL,https://ss3.4sqi.net/img/categories_v2/travel/hotel_bg_64.png,NULL
225,Le Méridien Saigon,825,1000000.00,4,"Free Wifi, Breakfast included",Spa,1,1,1,NULL,https://ss3.4sqi.net/img/categories_v2/shops/spa_bg_64.png,NULL
226,InterContinental Saigon,826,1000000.00,4,"Free Wifi, Breakfast included",Hotel,1,1,1,NULL,https://ss3.4sqi.net/img/categories_v2/travel/hotel_bg_64.png,NULL
227,Silverland Sakyo Hotel & Spa,827,1000000.00,4,"Free Wifi, Breakfast included",Hotel,1,1,1,NULL,https://ss3.4sqi.net/img/categories_v2/travel/hotel_bg_64.png,NULL
228,Sofitel Saigon Plaza,828,1000000.00,4,"Free Wifi, Breakfast included",Hotel,1,1,1,NULL,https://ss3.4sqi.net/img/categories_v2/travel/hotel_bg_64.png,NULL
229,The Reverie Saigon,829,1000000.00,4,"Free Wifi, Breakfast included",Hotel,1,1,1,NULL,https://ss3.4sqi.net/img/categories_v2/travel/hotel_bg_64.png,NULL
230,Hotel Nikko Saigon,830,1000000.00,4,"Free Wifi, Breakfast included",Hotel,1,1,1,NULL,https://ss3.4sqi.net/img/categories_v2/travel/hotel_bg_64.png,NULL
231,Novotel Danang Premier Han River,861,1000000.00,4,"Free Wifi, Breakfast included",Hotel,1,1,1,NULL,https://ss3.4sqi.net/img/categories_v2/travel/hotel_bg_64.png,NULL
232,Brilliant Hotel,862,1000000.00,4,"Free Wifi, Breakfast included",Hotel,1,1,1,NULL,https://ss3.4sqi.net/img/categories_v2/travel/hotel_bg_64.png,NULL
233,Paris Deli Hotel,863,1000000.00,4,"Free Wifi, Breakfast included",Hotel,1,1,1,NULL,https://ss3.4sqi.net/img/categories_v2/travel/hotel_bg_64.png,NULL
234,Pullman Danang Beach Resort,864,1000000.00,4,"Free Wifi, Breakfast included",Hotel,1,1,1,NULL,https://ss3.4sqi.net/img/categories_v2/travel/hotel_bg_64.png,NULL
235,Furama Resort Danang,865,1000000.00,4,"Free Wifi, Breakfast included",Hotel,1,1,1,NULL,https://ss3.4sqi.net/img/categories_v2/travel/hotel_bg_64.png,NULL
236,Hyatt Regency Danang Resort and Spa,866,1000000.00,4,"Free Wifi, Breakfast included",Hotel,1,1,1,NULL,https://ss3.4sqi.net/img/categories_v2/travel/hotel_bg_64.png,NULL
237,Vanda Hotel (Khách sạn Vanda),867,1000000.00,4,"Free Wifi, Breakfast included",Hotel,1,1,1,NULL,https://ss3.4sqi.net/img/categories_v2/travel/hotel_bg_64.png,NULL
238,Crowne Plaza Danang,868,1000000.00,4,"Free Wifi, Breakfast included",Hotel,1,1,1,NULL,https://ss3.4sqi.net/img/categories_v2/travel/hotel_bg_64.png,NULL
239,Four Points by Sheraton Danang,869,1000000.00,4,"Free Wifi, Breakfast included",Hotel,1,1,1,NULL,https://ss3.4sqi.net/img/categories_v2/travel/hotel_bg_64.png,NULL
240,Royal Lotus Hotel Danang,870,1000000.00,4,"Free Wifi, Breakfast included",Hotel,1,1,1,NULL,https://ss3.4sqi.net/img/categories_v2/travel/hotel_bg_64.png,NULL
241,Apricot Hotel,901,1000000.00,4,"Free Wifi, Breakfast included",Hotel,1,1,1,NULL,https://ss3.4sqi.net/img/categories_v2/travel/hotel_bg_64.png,NULL
242,Sofitel Legend Metropole Hanoi,902,1000000.00,4,"Free Wifi, Breakfast included",Hotel,1,1,1,NULL,https://ss3.4sqi.net/img/categories_v2/travel/hotel_bg_64.png,NULL
243,Hanoi La Siesta Hotel & Spa,903,1000000.00,4,"Free Wifi, Breakfast included",Spa,1,1,1,NULL,https://ss3.4sqi.net/img/categories_v2/shops/spa_bg_64.png,NULL
244,Meliá,904,1000000.00,4,"Free Wifi, Breakfast included",Hotel,1,1,1,NULL,https://ss3.4sqi.net/img/categories_v2/travel/hotel_bg_64.png,NULL
245,Mövenpick Hotel Hanoi,905,1000000.00,4,"Free Wifi, Breakfast included",Hotel,1,1,1,NULL,https://ss3.4sqi.net/img/categories_v2/travel/hotel_bg_64.png,NULL
246,Oriental Suites Hotel,906,1000000.00,4,"Free Wifi, Breakfast included",Hotel,1,1,1,NULL,https://ss3.4sqi.net/img/categories_v2/travel/hotel_bg_64.png,NULL
247,InterContinental Hanoi Westlake,907,1000000.00,4,"Free Wifi, Breakfast included",Hotel,1,1,1,NULL,https://ss3.4sqi.net/img/categories_v2/travel/hotel_bg_64.png,NULL
248,Hotel Nikko Hanoi,908,1000000.00,4,"Free Wifi, Breakfast included",Hotel,1,1,1,NULL,https://ss3.4sqi.net/img/categories_v2/travel/hotel_bg_64.png,NULL
249,Lotte Hotel Hanoi,909,1000000.00,4,"Free Wifi, Breakfast included",Hotel,1,1,1,NULL,https://ss3.4sqi.net/img/categories_v2/travel/hotel_bg_64.png,NULL
250,Hanoi Inner Hotel,910,1000000.00,4,"Free Wifi, Breakfast included",Hotel,1,1,1,NULL,https://ss3.4sqi.net/img/categories_v2/travel/hotel_bg_64.png,NULL
251,ibis Saigon Airport,941,1000000.00,4,"Free Wifi, Breakfast included",Hotel,1,1,1,NULL,https://ss3.4sqi.net/img/categories_v2/travel/hotel_bg_64.png,NULL
252,Hotel Des Arts Saigon Mgallery Collection,942,1000000.00,4,"Free Wifi, Breakfast included",Spa,1,1,1,NULL,https://ss3.4sqi.net/img/categories_v2/shops/spa_bg_64.png,NULL
253,Park Hyatt Saigon,943,1000000.00,4,"Free Wifi, Breakfast included",Hotel,1,1,1,NULL,https://ss3.4sqi.net/img/categories_v2/travel/hotel_bg_64.png,NULL
254,Pullman Saigon Centre,944,1000000.00,4,"Free Wifi, Breakfast included",Hotel,1,1,1,NULL,https://ss3.4sqi.net/img/categories_v2/travel/hotel_bg_64.png,NULL
255,Le Méridien Saigon,945,1000000.00,4,"Free Wifi, Breakfast included",Spa,1,1,1,NULL,https://ss3.4sqi.net/img/categories_v2/shops/spa_bg_64.png,NULL
256,InterContinental Saigon,946,1000000.00,4,"Free Wifi, Breakfast included",Hotel,1,1,1,NULL,https://ss3.4sqi.net/img/categories_v2/travel/hotel_bg_64.png,NULL
257,Silverland Sakyo Hotel & Spa,947,1000000.00,4,"Free Wifi, Breakfast included",Hotel,1,1,1,NULL,https://ss3.4sqi.net/img/categories_v2/travel/hotel_bg_64.png,NULL
258,Sofitel Saigon Plaza,948,1000000.00,4,"Free Wifi, Breakfast included",Hotel,1,1,1,NULL,https://ss3.4sqi.net/img/categories_v2/travel/hotel_bg_64.png,NULL
259,The Reverie Saigon,949,1000000.00,4,"Free Wifi, Breakfast included",Hotel,1,1,1,NULL,https://ss3.4sqi.net/img/categories_v2/travel/hotel_bg_64.png,NULL
260,Hotel Nikko Saigon,950,1000000.00,4,"Free Wifi, Breakfast included",Hotel,1,1,1,NULL,https://ss3.4sqi.net/img/categories_v2/travel/hotel_bg_64.png,NULL
261,Novotel Danang Premier Han River,981,1000000.00,4,"Free Wifi, Breakfast included",Hotel,1,1,1,NULL,https://ss3.4sqi.net/img/categories_v2/travel/hotel_bg_64.png,NULL
262,Brilliant Hotel,982,1000000.00,4,"Free Wifi, Breakfast included",Hotel,1,1,1,NULL,https://ss3.4sqi.net/img/categories_v2/travel/hotel_bg_64.png,NULL
263,Paris Deli Hotel,983,1000000.00,4,"Free Wifi, Breakfast included",Hotel,1,1,1,NULL,https://ss3.4sqi.net/img/categories_v2/travel/hotel_bg_64.png,NULL
264,Pullman Danang Beach Resort,984,1000000.00,4,"Free Wifi, Breakfast included",Hotel,1,1,1,NULL,https://ss3.4sqi.net/img/categories_v2/travel/hotel_bg_64.png,NULL
265,Furama Resort Danang,985,1000000.00,4,"Free Wifi, Breakfast included",Hotel,1,1,1,NULL,https://ss3.4sqi.net/img/categories_v2/travel/hotel_bg_64.png,NULL
266,Hyatt Regency Danang Resort and Spa,986,1000000.00,4,"Free Wifi, Breakfast included",Hotel,1,1,1,NULL,https://ss3.4sqi.net/img/categories_v2/travel/hotel_bg_64.png,NULL
267,Vanda Hotel (Khách sạn Vanda),987,1000000.00,4,"Free Wifi, Breakfast included",Hotel,1,1,1,NULL,https://ss3.4sqi.net/img/categories_v2/travel/hotel_bg_64.png,NULL
268,Crowne Plaza Danang,988,1000000.00,4,"Free Wifi, Breakfast included",Hotel,1,1,1,NULL,https://ss3.4sqi.net/img/categories_v2/travel/hotel_bg_64.png,NULL
269,Four Points by Sheraton Danang,989,1000000.00,4,"Free Wifi, Breakfast included",Hotel,1,1,1,NULL,https://ss3.4sqi.net/img/categories_v2/travel/hotel_bg_64.png,NULL
270,Royal Lotus Hotel Danang,990,1000000.00,4,"Free Wifi, Breakfast included",Hotel,1,1,1,NULL,https://ss3.4sqi.net/img/categories_v2/travel/hotel_bg_64.png,NULL
